CrimeDate,CrimeCode,Description,Weapon,District,Neighbourhood,Longtitude,Latitude,Impact,Intensity
2012,6,Larceny,Other,Northern,Abell,-76.61216,39.32474,0.253,126
2012,4,COMMON ASSAULT,HANDS,CENTRAL,Madison Park,-76.63206,39.30727,0.233,283
2012,4,COMMON ASSAULT,HANDS,EASTERN,Madison-Eastend,-76.57811,39.29918,0.25,208
2012,6D,LARCENY FROM AUTO,Other,NORTHEASTERN,Mayfield,-76.58079,39.3318,0.317,63
2012,5A,BURGLARY,other,SOUTHEASTERN,McElberry,-76.58073,39.29595,0.28,471
2012,6,Larceny,Other,Northern,Medfield,-76.63961,39.34126,0.333,72
2012,6,Larceny,Other,SOUTHEASTERN,Medford,-76.547,39.27837,0.506,75
2012,4,COMMON ASSAULT,HANDS,Northern,Mid-Govans,-76.60211,39.35649,0.287,87
2012,6D,LARCENY FROM AUTO,Other,CENTRAL,Mid-Town Belvedere,-76.61878,39.30214,0.417,467
2012,6,Larceny,Other,SOUTHERN,Middle Branch/Reedbird Pa,-76.61498,39.25137,0.386,44
2012,4,COMMON ASSAULT,HANDS,EASTERN,Middle East,-76.58988,39.30252,0.278,183
2012,4,COMMON ASSAULT,HANDS,WESTERN,Midtown-Edmondson,-76.64739,39.29581,0.214,182
2012,6,Larceny,Other,SOUTHEASTERN,Millhill,-76.65868,39.28007,0.288,225
2012,4,COMMON ASSAULT,HANDS,EASTERN,Milton-Montford,-76.58384,39.30021,0.316,174
2012,6,Larceny,Other,WESTERN,Mondawmin,-76.65821,39.318,0.378,607
2012,6D,LARCENY FROM AUTO,Other,NORTHEASTERN,Montebello,-76.58557,39.33297,0.445,83
2012,5A,BURGLARY,Other,NORTHEASTERN,Moravia-Walther,-76.5653,39.33952,0.559,59
2012,4C,AGG. ASSAULT,Other,NORTHEASTERN,Morgan State University,-76.58747,39.34001,0.208,24
2012,6,Larceny,Other,SOUTHEASTERN,Morrell Park,-76.65868,39.26444,0.27,262
2012,5A,BURGLARY,Other,WESTERN,Mosher,-76.66336,39.29871,0.235,119
2012,5A,BURGLARY,Other,SOUTHWESTERN,Mount Holly,-76.67613,39.3115,0.205,113
2012,6D,LARCENY FROM AUTO,Other,CENTRAL,Mount Vernon,-76.6157,39.29963,0.431,538
2012,6D,LARCENY FROM AUTO,Other,Northern,Mount Washington,-76.66598,39.35771,0.328,125
2012,4,COMMON ASSAULT,HANDS,SOUTHERN,Mount Winans,-76.64346,39.26344,0.23,39
2012,6,Larceny,Other,NORTHEASTERN,New Northwood,-76.59495,39.34767,0.208,250
2012,5A,BURGLARY,Other,SOUTHERN,New Southwest/Mount Clare,-76.64152,39.28517,0.276,217
2012,6,Larceny,Other,NORTHEASTERN,North Harford Road,-76.53802,39.35834,0.247,263
2012,6,Larceny,Other,Northern,North Roland Park/Poplar,-76.63961,39.36873,0.333,45
2012,5A,BURGLARY,Other,SOUTHWESTERN,Northwest Community Actio,-76.66749,39.30757,0.253,134
2012,4,COMMON ASSAULT,HANDS,SOUTHEASTERN,O'Donnell Heights,-76.54254,39.27659,0.338,65
2012,5A,BURGLARY,Other,Northern,Oakenshawe,-76.60949,39.33041,0.218,64
2012,6,Larceny,Other,Northern,Old Goucher,-76.61816,39.31544,0.345,142
2012,4,COMMON ASSAULT,HANDS,EASTERN,Oldtown,-76.605,39.29904,0.253,256
2012,4,COMMON ASSAULT,HANDS,EASTERN,Oliver,-76.59606,39.30989,0.222,481
2012,6,Larceny,Other,EASTERN,Orangeville,-76.56683,39.29942,0.32,53
2012,6,Larceny,Other,EASTERN,Orangeville Industrial Ar,-76.57113,39.31375,0.307,52
2012,4,COMMON ASSAULT,HANDS,NORTHEASTERN,Orchard Ridge,-76.56233,39.30897,0.239,46
2012,5A,BURGLARY,Other,NORTHEASTERN,Original Northwood,-76.59762,39.34337,0.259,54
2012,6D,LARCENY FROM AUTO,Other,SOUTHERN,Otterbein,-76.61469,39.28398,0.411,90
2012,5A,BURGLARY,Other,WESTERN,Panway/Braddish Avenue,-76.66544,39.3124,0.242,95
2012,5A,BURGLARY,Other,NORTHWESTREN,Park Cricle,-76.66035,39.32906,0.222,216
2012,4,COMMON ASSAULT,Other,Northern,Parklane,-76.65953,39.34178,0.24,137
2012,7,AUTO THEFT,Other,NORTHEASTERN,Parkside,-76.56038,39.32371,0.24,125
2012,4,COMMON ASSAULT,Other,WESTERN,Parkview/Woodbrook,-76.64716,39.31544,0.253,166
2012,5A,BURGLARY,Other,SOUTHEASTERN,Patterson Park Neighborho,-76.57537,39.29223,0.222,548
2012,6D,LARCENY FROM AUTO,Other,SOUTHEASTERN,Patterson Place,-76.584,39.29262,0.237,118
2012,4,COMMON ASSAULT,HANDS,SOUTHWESTERN,Allendale,-76.68934,39.29314,0.236,190
2012,5A,BURGLARY,Other,Northern,Pen Lucy,-76.60744,39.33963,0.259,181
2012,4,COMMON ASSAULT,HANDS,WESTERN,Penn North,-76.63808,39.31095,0.235,276
2012,6D,LARCENY FROM AUTO,Other,EASTERN,Penn-Fallsway,-76.6077,39.29788,0.509,206
2012,4,COMMON ASSAULT,HANDS,NORTHEASTERN,Arcadia,-76.56532,39.3294,0.233,60
2012,6,Larceny,Other,WESTERN,Penrose/Fayette Street Ou,-76.65433,39.28828,0.179,289
2012,6,Larceny,Other,NORTHWESTREN,Arlington,-76.6826,39.34753,0.217,216
2012,4,COMMON ASSAULT,Other,SOUTHEASTERN,Perkins Homes,-76.59819,39.28831,0.366,139
2012,6D,LARCENY FROM AUTO,Other,NORTHEASTERN,Perring Loch,-76.58286,39.35175,0.214,98
2012,6,Larceny,Other,NORTHWESTREN,Pimlico Good Neighbors,-76.67985,39.35378,0.253,71
2012,6,Larceny,Other,NORTHEASTERN,Armistead Gardens,-76.54705,39.30542,0.25,192
2012,4,COMMON ASSAULT,HANDS,WESTERN,Poppleton,-76.6326,39.28997,0.243,263
2012,5A,BURGLARY,Other,NORTHWESTREN,Ashburton,-76.67145,39.32965,0.27,133
2012,6,Larceny,Other,SOUTHEASTERN,Baltimore Highlands,-76.56751,39.2925,0.211,321
2012,5A,BURGLARY,Other,Northern,Barclay,-76.61199,39.318,0.235,267
2012,3,ROBBERY - STREER,KNIFE,SOUTHERN,Barre Circle,-76.62624,39.2834,0.25,24
2012,6,Larceny,Other,SOUTHEASTERN,Bayview,-76.54202,39.28999,0.281,142
2012,5A,BURGLARY,Other,SOUTHWESTERN,Beechfield,-76.70061,39.27768,0.256,148
2012,6,Larceny,Other,NORTHEASTERN,Belair-Edison,-76.56761,39.32149,0.215,993
2012,4C,AGG. ASSAULT,KNIFE,NORTHEASTERN,Belair-Parkside,-76.57179,39.32831,0.217,23
2012,6D,LARCENY FROM AUTO,Other,Northern,Bellona-Gittings,-76.6205,39.36645,0.5,6
2012,6,Larceny,Other,SOUTHERN,Port Covington,-76.6088,39.25945,0.914,70
2012,6D,LARCENY FROM AUTO,Other,NORTHEASTERN,Belvedere,-76.60937,39.36413,0.3,494
2012,6,Larceny,Other,SOUTHEASTERN,Pulaski Industrial Area,-76.5405,39.2854,0.476,250
2012,5A,BURGLARY,Other,NORTHEASTERN,Ramblewood,-76.59348,39.36619,0.244,90
2012,4,COMMON ASSAULT,HANDS,EASTERN,Berea,-76.57562,39.30613,0.252,250
2012,6,Larceny,Other,NORTHWESTREN,Reisterstown Station,-76.7,39.35256,0.304,346
2012,5A,BURGLARY,Other,Northern,Better Waverly,-76.60813,39.32829,0.245,355
2012,6,Larceny,Other,Northern,Remington,-76.62302,39.32307,0.32,178
2012,6,Larceny,Other,NORTHEASTERN,Beverly Hills,-76.56816,39.33838,0.339,536
2012,4,COMMON ASSAULT,HANDS,CENTRAL,Reservoir Hill,-76.63365,39.31367,0.226,485
2012,6D,LARCENY FROM AUTO,Other,SoUTHERN,Ridgely's Delight,-76.62377,39.28247,0.336,98
2012,6,Larceny,Other,EASTERN,Biddle Street,-76.5762,39.30497,0.254,106
2012,6,Larceny,Other,CENTRAL,Bolton Hill,-76.62783,39.30726,0.33,106
2012,6D,LARCENY FROM AUTO,Other,SOUTHERN,Riverside,-76.60648,39.27036,0.28,292
2012,5A,BURGLARY,Other,SOUTHWESTERN,Rognel Heights,-76.68881,39.29661,0.271,177
2012,5A,BURGLARY,Other,Northern,Roland Park,-76.63554,39.34451,0.31,132
2012,4,COMMON ASSAULT,HANDS,SOUTHWESTERN,Boyd-Booth,-76.65039,39.28702,0.224,58
2012,4,COMMON ASSAULT,HANDS,SOUTHWESTERN,Rosemont,-76.66678,39.30471,0.243,185
2012,6,Larceny,Other,SOUTHEASTERN,Brewers Hill,-76.56328,39.28633,0.298,114
2012,5A,BURGLARY,Other,NORTHEASTERN,Rosemont East,-76.53587,39.35433,0.292,99
2012,5A,BURGLARY,Other,WESTERN,Rosemont Homeowners/Tenan,-76.65739,39.29544,0.195,128
2012,4,COMMON ASSAULT,HANDS,WESTERN,Bridgeview/Greenlawn,-76.65363,39.30226,0.202,168
2012,5A,BURGLARY,Other,SOUTHWESTERN,Saint Agnes,-76.67573,39.27243,0.653,49
2012,4,COMMON ASSAULT,HANDS,EASTERN,Broadway East,-76.58409,39.30526,0.28,446
2012,6,Larceny,Other,SOUTHEASTERN,Saint Helena,-76.53182,39.26147,0.38,21
2012,6,Larceny,Other,SOUTHWESTERN,Saint Josephs,-76.67313,39.28544,0.198,121
2012,6,Larceny,Other,SOUTHERN,Saint Paul,-76.64394,39.26667,0.444,9
2012,4,COMMON ASSAULT,HANDS,WESTERN,Sandtown-Winchester,-76.64628,39.30551,0.258,707
2012,6,Larceny,Other,NORTHWESTREN,Seton Business Park,-76.70776,39.34329,0.48,75
2012,6D,LARCENY FROM AUTO,Other,CENTRAL,Seton Hill,-76.62217,39.29573,0.271,162
2012,6D,LARCENY FROM AUTO,Other,SOUTHERN,Sharp-Leadenhall,-76.61974,39.27614,0.362,113
2012,4C,AGG. ASSAULT,KNIFE,SOUTHWESTERN,Shipley Hill,-76.65607,39.28664,0.24,166
2012,6D,LARCENY FROM AUTO,Other,SOUTHERN,South Baltimore,-76.61321,39.2723,0.336,214
2012,4,COMMON ASSAULT,HANDS,EASTERN,South Clifton Park,-76.59179,39.31263,0.223,103
2012,6,Larceny,Other,SOUTHERN,Stadium Area,-76.6197,39.28523,0.5,84
2012,7,AUTO THEFT,Other,NORTHEASTERN,Stonewood-Pentwood-Winsto,-76.58846,39.34808,0.209,43
2012,5A,BURGLARY,Other,SOUTHWESTERN,Ten Hills,-76.70255,39.29215,0.406,64
2012,4,COMMON ASSAULT,Other,NORTHWESTREN,Towanda-Grantley,-76.66421,39.3338,0.219,123
2012,4,COMMON ASSAULT,Other,SOUTHEASTERN,Broening Manor,-76.54163,39.27612,0.259,127
2012,4,COMMON ASSAULT,Other,SOUTHWESTERN,Tremont,-76.69312,39.28284,0.23,26
2012,4,COMMON ASSAULT,Other,SOUTHERN,Brookyln,-76.60231,39.2388,0.246,698
2012,6D,LARCENY FROM AUTO,Other,Northern,Tuscany-Canterbury,-76.61807,39.33385,0.45,40
2012,6D,LARCENY FROM AUTO,Other,NORTHWESTREN,Burleith-Leighton,-76.6643,39.32192,0.253,63
2012,5A,BURGLARY,Other,SOUTHERN,Union Square,-76.63974,39.28596,0.303,145
2012,6D,LARCENY FROM AUTO,Other,SOUTHEASTERN,Butcher's Hill,-76.58654,39.2929,0.32,154
2012,6D,LARCENY FROM AUTO,Other,CENTRAL,University Of Maryland,-76.62384,39.29182,0.31,129
2012,4,COMMON ASSAULT,HANDS,NORTHWESTREN,Callaway-Garrison,-76.68286,39.33317,0.166,96
2012,5A,BURGLARY,Other,SOUTHWESTERN,Uplands,-76.69199,39.29015,0.259,54
2012,6D,LARCENY FROM AUTO,Other,SOUTHEASTERN,Upper Fells Point,-76.58448,39.28784,0.21,285
2012,4,COMMON ASSAULT,HANDS,Northern,Cameron Village,-76.60212,39.3547,0.353,82
2012,6,Larceny,Other,CENTRAL,Upton,-76.6284,39.2988,0.253,691
2012,6D,LARCENY FROM AUTO,Other,SOUTHEASTERN,Canton,-76.57503,39.28589,0.342,760
2012,6,Larceny,Other,SOUTHEASTERN,Canton Industrial Area,-76.55588,39.27747,0.543,86
2012,5A,BURGLARY,Other,EASTERN,CARE,-76.58659,39.2972,0.31,216
2012,6,Larceny,Other,SOUTHERN,Carroll - Camden Industri,-76.62763,39.27438,0.425,188
2012,6,Larceny,Other,SOUTHWESTERN,Violetville,-76.67246,39.26155,0.281,199
2012,4,COMMON ASSAULT,HANDS,SOUTHERN,Carroll Park,-76.64609,39.27227,0.379,29
2012,4,COMMON ASSAULT,HANDS,SOUTHWESTERN,Wakefield,-76.70194,39.30966,0.229,87
2012,6,Larceny,Other,NORTHEASTERN,Cedmont,-76.53094,39.3545,0.27,144
2012,4,COMMON ASSAULT,HANDS,SOUTHWESTERN,Walbrook,-76.66952,39.30906,0.203,211
2012,5A,BURGLARY,Other,NORTHWESTREN,Central Forest Park,-76.69051,39.32841,0.261,84
2012,5A,BURGLARY,Other,NORTHEASTERN,Waltherson,-76.55565,39.34076,0.277,339
2012,6D,LARCENY FROM AUTO,Other,SOUTHEASTERN,Washington Hill,-76.59487,39.29156,0.354,279
2012,4,COMMON ASSAULT,HANDS,NORTHWESTREN,Central Park Heights,-76.67401,39.34307,0.246,503
2012,6,Larceny,Other,SOUTHERN,Washington Village/Pigtow,-76.63007,39.28188,0.273,542
2012,6,Larceny,Other,Northern,Charles Village,-76.61615,39.32869,0.313,380
2012,5A,BURGLARY,Other,Northern,Waverly,-76.60364,39.33101,0.289,221
2012,4,COMMON ASSAULT,HANDS,SOUTHERN,Cherry Hill,-76.62268,39.24649,0.254,794
2012,5A,BURGLARY,Other,NORTHWESTREN,West Arlington,-76.69322,39.33866,0.267,116
2012,5A,BURGLARY,Other,NORTHWESTREN,West Forest Park,-76.69285,39.32178,0.24,104
2012,5A,COMMON ASSAULT,Other,NORTHEASTERN,Clifton Park,-76.58713,39.31884,0.28,114
2012,6D,LARCENY FROM AUTO,Other,SOUTHWESTERN,West Hills,-76.69727,39.30131,0.229,74
2012,5A,COMMON ASSAULT,HANDS,EASTERN,Darley Park,-76.59366,39.31552,0.358,81
2012,5A,BURGLARY,Other,NORTHEASTERN,Westfield,-76.55474,39.3587,0.243,144
2012,4C,AGG. ASSAULT,FIRE ARM,CENTRAL,Druid Heights,-76.63589,39.31031,0.192,203
2012,5A,BURGLARY,Other,SOUTHWESTERN,Westgate,-76.70795,39.28572,0.325,132
2012,6D,LARCENY FROM AUTO,Other,CENTRAL,Downtown,-76.61696,39.29408,0.271,1995
2012,6D,LARCENY FROM AUTO,Other,CENTRAL,Downtown West,-76.62093,39.28628,0.43,230
2012,5A,BURGLARY,Other,NORTHEASTERN,East Arlington,-76.67051,39.33194,0.277,101
2012,4,COMMON ASSAULT,HANDS,WESTERN,Easterwood,-76.64875,39.30576,0.261,126
2012,5A,BURGLARY,HANDS,SOUTHWESTERN,Edgewood,-76.67735,39.2966,0.257,105
2012,7,AUTO THEFT,Other,WESTERN,Evergreen Lawn,-76.65495,39.29703,0.223,76
2012,6,Larceny,Other,SOUTHERN,Fairfield Area,-76.59756,39.23487,0.458,72
2012,6,Larceny,Other,NORTHWESTREN,Forrest Park,-76.6719,39.32417,0.261,84
2012,5A,BURGLARY,Other,NORTHEASTERN,Four By Four,-76.57851,39.31649,0.322,127
2012,4,COMMON ASSAULT,FIRE ARM,SOUTHWESTERN,Franklintown Road,-76.66501,39.29543,0.277,154
2012,5A,BURGLARY,KNIFE,NORTHWESTREN,Glen,-76.69699,39.35558,0.254,245
2012,4,COMMON ASSAULT,HANDS,Northern,Glen Oaks,-76.59501,39.37009,0.192,166
2012,5A,BURGLARY,HANDS,Northern,Green Spring,-76.65869,39.33299,0.306,183
2012,6D,LARCENY FROM AUTO,Other,Northern,Guilford,-76.61503,39.3366,0.4,95
2012,4,COMMON ASSAULT,Other,NORTHEASTERN,Hamilton Hills,-76.56431,39.36952,0.224,552
2012,5A,BURGLARY,Other,NORTHWESTREN,Howard Park,-76.69161,39.33204,0.261,279
2012,6,Larceny,Other,SOUTHEASTERN,Inner Harbor,-76.6134,39.28544,0.608,846
2012,6,Larceny,Other,SOUTHWESTERN,Irvington,-76.68255,39.28173,0.233,271
2012,6D,LARCENY FROM AUTO,Other,EASTERN,Johnston Square,-76.60591,39.30494,0.265,320
2012,6,Larceny,Other,SOUTHERN,Lakeland,-76.65077,39.25875,0.281,320
2012,5A,BURGLARY,HANDS,NORTHEASTERN,Lauraville,-76.57359,39.35168,0.303,188
2012,6,Larceny,Other,NORTHEASTERN,Loch Raven,-76.5773,39.35692,0.224,318
2013,6,Larceny,Other,Northern,Abell,-76.61216,39.32474,0.429,114
2013,5A,BURGLARY,Other,SOUTHWESTERN,Allendale,-76.68934,39.29314,0.207,207
2013,5A,BURGLARY,HANDS,NORTHEASTERN,Arcadia,-76.56532,39.3294,0.305,59
2013,4,COMMON ASSAULT,Other,NORTHWESTREN,Arlington,-76.6826,39.34753,0.214,196
2013,6,Larceny,Other,NORTHEASTERN,Armistead Gardens,-76.54705,39.30542,0.265,147
2013,5A,BURGLARY,Other,NORTHWESTREN,Ashburton,-76.67145,39.32965,0.233,133
2013,6,Larceny,Other,SOUTHEASTERN,Baltimore Highlands,-76.56751,39.2925,0.342,377
2013,6,Larceny,Other,Northern,Barclay,-76.61199,39.318,0.205,278
2013,5A,BURGLARY,KNIFE,SOUTHERN,Barre Circle,-76.62624,39.2834,0.225,40
2013,6,Larceny,Other,SOUTHEASTERN,Bayview,-76.54202,39.28999,0.17,117
2013,7,AUTO THEFT,Other,SOUTHWESTERN,Beechfield,-76.70061,39.27768,0.241,124
2013,6,Larceny,Other,NORTHEASTERN,Belair-Edison,-76.56761,39.32149,0.306,1072
2013,5A,BURGLARY,KNIFE,NORTHEASTERN,Belair-Parkside,-76.57179,39.32831,0.366,30
2013,6,LARCENY  ,Other,Northern,Bellona-Gittings,-76.6205,39.36645,0.285,7
2013,6,LARCENY  ,Other,NORTHEASTERN,Belvedere,-76.60937,39.36413,0.36,50
2013,4,COMMON ASSAULT,HANDS,EASTERN,Berea,-76.57562,39.30613,0.322,251
2013,6,Larceny,Other,Northern,Better Waverly,-76.60813,39.32829,0.465,425
2013,6,Larceny,Other,NORTHEASTERN,Beverly Hills,-76.56816,39.33838,0.4,45
2013,4,COMMON ASSAULT,HANDS,EASTERN,Biddle Street,-76.5762,39.30497,0.329,85
2013,6,Larceny,Other,CENTRAL,Bolton Hill,-76.62783,39.30726,0.296,307
2013,5A,BURGLARY,HANDS,SOUTHWESTERN,Boyd-Booth,-76.65039,39.28702,0.208,67
2013,6,Larceny,Other,SOUTHEASTERN,Brewers Hill,-76.56328,39.28633,0.498,138
2013,4,COMMON ASSAULT,HANDS,WESTERN,Bridgeview/Greenlawn,-76.65363,39.30226,0.209,191
2013,4,COMMON ASSAULT,HANDS,EASTERN,Broadway East,-76.58409,39.30526,0.273,487
2013,6,Larceny,Other,SOUTHEASTERN,Broening Manor,-76.54163,39.27612,0.293,127
2013,4,COMMON ASSAULT,Other,SOUTHERN,Brooklyn,-76.60231,39.2388,0.229,672
2013,6D,LARCENY FROM AUTO,Other,NORTHWESTREN,Burleith-Leighton,-76.6643,39.32192,0.327,58
2013,6D,LARCENY FROM AUTO,Other,SOUTHEASTERN,Butcher's Hill,-76.58654,39.2929,0.214,149
2013,7,AUTO THEFT,HANDS,NORTHWESTREN,Callaway-Garrison,-76.68286,39.33317,0.186,103
2013,4,COMMON ASSAULT,HANDS,Northern,Cameron Village,-76.60212,39.3547,0.344,87
2013,6,LARCENY  ,Other,SOUTHEASTERN,Canton,-76.57503,39.28589,0.286,765
2013,6,Larceny,Other,SOUTHEASTERN,Canton Industrial Area,-76.55588,39.27747,0.563,119
2013,5A,BURGLARY,Other,EASTERN,CARE,-76.58659,39.2972,0.233,197
2013,6,Larceny,Other,SOUTHERN,Carroll - Camden Industri,-76.62763,39.27438,0.435,216
2013,6,Larceny,HANDS,SOUTHERN,Carroll Park,-76.64609,39.27227,0.342,38
2013,6,Larceny,Other,NORTHEASTERN,Cedmont,-76.53094,39.3545,0.25,176
2013,5A,BURGLARY,Other,NORTHWESTREN,Central Forest Park,-76.69051,39.32841,0.314,105
2013,4,COMMON ASSAULT,KNIFE,NORTHWESTREN,Central Park Heights,-76.67401,39.34307,0.216,499
2013,6,Larceny,Other,Northern,Charles Village,-76.61615,39.32869,0.315,409
2013,4,COMMON ASSAULT,HANDS,SOUTHERN,Cherry Hill,-76.62268,39.24649,0.273,684
2013,6,Larceny,Other,NORTHEASTERN,Clifton Park,-76.58713,39.31884,0.266,124
2013,5A,COMMON ASSAULT,FIRE ARM,EASTERN,Darley Park,-76.59366,39.31552,0.358,76
2013,6,LARCENY  ,Other,CENTRAL,Downtown,-76.61696,39.29408,0.368,1649
2013,6,LARCENY  ,Other,CENTRAL,Downtown West,-76.62093,39.28628,0.574,216
2013,6,Larceny,FIRE ARM,CENTRAL,Druid Heights,-76.63589,39.31031,0.187,192
2013,7,AUTO THEFT,HANDS,NORTHEASTERN,East Arlington,-76.67051,39.33194,0.158,101
2013,4,COMMON ASSAULT,FIRE ARM,WESTERN,Easterwood,-76.64875,39.30576,0.291,123
2013,5A,BURGLARY,HANDS,SOUTHWESTERN,Edgewood,-76.67735,39.2966,0.237,110
2013,6,Larceny,Other,WESTERN,Evergreen Lawn,-76.65495,39.29703,0.202,89
2013,6,Larceny,Other,SOUTHERN,Fairfield Area,-76.59756,39.23487,0.587,80
2013,5A,BURGLARY,Other,NORTHWESTREN,Forest Park,-76.6719,39.32417,0.234,98
2013,4,COMMON ASSAULT,KNIFE,NORTHEASTERN,Four By Four,-76.57851,39.31649,0.39,892
2013,7,AUTO THEFT,HANDS,SOUTHWESTERN,Franklintown Road,-76.66501,39.29543,0.203,123
2013,6D,LARCENY FROM AUTO,KNIFE,NORTHWESTREN,Glen,-76.69699,39.35558,0.246,320
2013,6, Larceny,HANDS,Northern,Glen Oaks,-76.59501,39.37009,0.421,192
2013,5A,BURGLARY,HANDS,Northern,Greenspring,-76.65869,39.33299,0.236,178
2013,5A,BURGLARY,HANDS,Northern,Guilford,-76.61503,39.3366,0.404,121
2013,5A,BURGLARY,KNIFE,NORTHEASTERN,Hamilton Hills,-76.56431,39.36952,0.22,631
2013,5A,BURGLARY,Other,NORTHWESTREN,Howard Park,-76.69161,39.33204,0.338,331
2013,6,Larceny,Other,SOUTHEASTERN,Inner Harbor,-76.6134,39.28544,0.608,599
2013,5A,BURGLARY,HANDS,SOUTHWESTERN,Irvington,-76.68255,39.28173,0.219,264
2013,6D,LARCENY FROM AUTO,Other,EASTERN,Johnston Square,-76.60591,39.30494,0.232,229
2013,6,Larceny,Other,SOUTHERN,Lakeland,-76.65077,39.25875,0.267,329
2013,5A,BURGLARY,HANDS,NORTHEASTERN,Lauraville,-76.57359,39.35168,0.223,197
2013,6,Larceny,Other,NORTHEASTERN,Loch Raven,-76.5773,39.35692,0.266,296
2013,6,Larceny,HANDS,CENTRAL,Madison Park,-76.63206,39.30727,0.228,280
2013,4,COMMON ASSAULT,HANDS,EASTERN,Madison-Eastend,-76.57811,39.29918,0.225,233
2013,6D,LARCENY FROM AUTO,Other,NORTHEASTERN,Mayfield,-76.58079,39.3318,0.367,66
2013,5A,BURGLARY,other,SOUTHEASTERN,McElderry Park,-76.58073,39.29595,0.26,548
2013,6D,LARCENY FROM AUTO,Other,Northern,Medfield,-76.63961,39.34126,0.243,89
2013,4,COMMON ASSAULT,FIRE ARM,SOUTHEASTERN,Medford,-76.547,39.27837,0.416,110
2013,5A,BURGLARY,HANDS,Northern,Mid-Govans,-76.60211,39.35649,0.302,96
2013,6,LARCENY  ,Other,CENTRAL,Mid-Town Belvedere,-76.61878,39.30214,0.33,445
2013,4,COMMON ASSAULT,KNIFE,SOUTHERN,Middle Branch/Reedbird Pa,-76.61498,39.25137,0.311,45
2013,5A,BURGLARY,HANDS,EASTERN,Middle East,-76.58988,39.30252,0.214,196
2013,5A,BURGLARY,KNIFE,WESTERN,Midtown-Edmondson,-76.64739,39.29581,0.168,202
2013,6,Larceny,Other,SOUTHEASTERN,Millhill,-76.65868,39.28007,0.288,295
2013,4,COMMON ASSAULT,HANDS,EASTERN,Milton-Montford,-76.58384,39.30021,0.259,166
2013,6,Larceny,Other,WESTERN,Mondawmin,-76.65821,39.318,0.392,589
2013,4,COMMON ASSAULT,KNIFE,NORTHEASTERN,Montebello,-76.58557,39.33297,0.344,35
2013,5A,BURGLARY,Other,NORTHEASTERN,Moravia-Walther,-76.5653,39.33952,0.465,58
2013,6,Larceny,Other,NORTHEASTERN,Morgan State University,-76.58747,39.34001,0.352,17
2013,6D,LARCENY FROM AUTO,Other,SOUTHEASTERN,Morrell Park,-76.65868,39.26444,0.237,314
2013,7,AUTO THEFT,Other,WESTERN,Mosher,-76.66336,39.29871,0.235,124
2013,6,Larceny,Other,SOUTHWESTERN,Mount Holly,-76.67613,39.3115,0.217,115
2013,6D,LARCENY FROM AUTO,Other,CENTRAL,Mount Vernon,-76.6157,39.29963,0.41,509
2013,6D,LARCENY FROM AUTO,Other,Northern,Mount Washington,-76.66598,39.35771,0.428,115
2013,6,Larceny,HANDS,SOUTHERN,Mount Winans,-76.64346,39.26344,0.33,54
2013,7,AUTO THEFT,Other,NORTHEASTERN,New Northwood,-76.59495,39.34767,0.228,205
2013,4,COMMON ASSAULT,FIRE ARM,SOUTHERN,New Southwest/Mount Clare,-76.64152,39.28517,0.239,251
2013,5A,BURGLARY,HANDS,NORTHEASTERN,North Harford Road,-76.53802,39.35834,0.236,241
2013,5A,BURGLARY,Other,Northern,North Roland Park/Poplar,-76.63961,39.36873,0.363,52
2013,4,COMMON ASSAULT,KNIFE,SOUTHWESTERN,Northwest Community Actio,-76.66749,39.30757,0.193,97
2013,4,COMMON ASSAULT,HANDS,SOUTHEASTERN,O'Donnell Heights,-76.54254,39.27659,0.418,43
2013,6D,LARCENY FROM AUTO,Other,Northern,Oakenshawe,-76.60949,39.33041,0.258,75
2013,6,Larceny,Other,Northern,Old Goucher,-76.61816,39.31544,0.465,128
2013,4,COMMON ASSAULT,HANDS,EASTERN,Oldtown,-76.605,39.29904,0.253,253
2013,4,COMMON ASSAULT,HANDS,EASTERN,Oliver,-76.59606,39.30989,0.242,425
2013,6,Larceny,Other,EASTERN,Orangeville,-76.56683,39.29942,0.288,66
2013,6,Larceny,Other,EASTERN,Orangeville Industrial Ar,-76.57113,39.31375,0.557,43
2013,5A,BURGLARY,HANDS,NORTHEASTERN,Orchard Ridge,-76.56233,39.30897,0.6239,118
2013,6,Larceny,Other,NORTHEASTERN,Original Northwood,-76.59762,39.34337,0.39,75
2013,6,LARCENY  ,Other,SOUTHERN,Otterbein,-76.61469,39.28398,0.3411,94
2013,7,AUTO THEFT,Other,WESTERN,Panway/Braddish Avenue,-76.66544,39.3124,0.2542,67
2013,5A,BURGLARY,Other,NORTHWESTREN,Park Circle,-76.66035,39.32906,0.2022,226
2013,5A,BURGLARY,Other,Northern,Parklane,-76.65953,39.34178,0.214,117
2013,7,AUTO THEFT,Other,NORTHEASTERN,Parkside,-76.56038,39.32371,0.245,122
2013,4,COMMON ASSAULT,Other,WESTERN,Parkview/Woodbrook,-76.64716,39.31544,0.2753,134
2013,6,BURGLARY,Other,SOUTHEASTERN,Patterson Park Neighborho,-76.57537,39.29223,0.222,638
2013,6,LARCENY FROM AUTO,Other,SOUTHEASTERN,Patterson Place,-76.584,39.29262,0.237,158
2013,4,COMMON ASSAULT,FIRE ARM,Northern,Pen Lucy,-76.60744,39.33963,0.259,174
2013,4,COMMON ASSAULT,HANDS,WESTERN,Penn North,-76.63808,39.31095,0.225,256
2013,6D,LARCENY FROM AUTO,Other,EASTERN,Penn-Fallsway,-76.6077,39.29788,0.4809,177
2013,4,COMMON ASSAULT,FIRE ARM,WESTERN,Penrose/Fayette Street Ou,-76.65433,39.28828,0.1979,364
2013,4,COMMON ASSAULT,Other,SOUTHEASTERN,Perkins Homes,-76.59819,39.28831,0.266,149
2013,6,LARCENY  ,Other,NORTHEASTERN,Perring Loch,-76.58286,39.35175,0.2014,139
2013,6,Larceny,Other,NORTHWESTREN,Pimlico Good Neighbors,-76.67985,39.35378,0.3253,86
2013,6,Larceny,Other,WESTERN,Poppleton,-76.6326,39.28997,0.2143,315
2013,6,Larceny,Other,SOUTHERN,Port Covington,-76.6088,39.25945,0.8914,73
2013,6,Larceny,Other,SOUTHEASTERN,Pulaski Industrial Area,-76.5405,39.2854,0.576,316
2013,5A,BURGLARY,Other,NORTHEASTERN,Ramblewood,-76.59348,39.36619,0.2244,79
2013,6,Larceny,Other,NORTHWESTREN,Reisterstown Station,-76.7,39.35256,0.404,400
2013,6,Larceny,Other,Northern,Remington,-76.62302,39.32307,0.2432,169
2013,6,Larceny,HANDS,CENTRAL,Reservoir Hill,-76.63365,39.31367,0.1926,435
2013,6A,LARCENY FROM AUTO,Other,SOUTHERN,Ridgely's Delight,-76.62377,39.28247,0.2836,78
2013,6A,LARCENY FROM AUTO,Other,SOUTHERN,Riverside,-76.60648,39.27036,0.348,330
2013,6,Larceny,Other,SOUTHWESTERN,Rognel Heights,-76.68881,39.29661,0.2571,137
2013,6A,LARCENY FROM AUTO,Other,Northern,Roland Park,-76.63554,39.34451,0.341,130
2013,5A,BURGLARY,HANDS,SOUTHWESTERN,Rosemont,-76.66678,39.30471,0.243,203
2013,5A,BURGLARY,Other,NORTHEASTERN,Rosemont East,-76.53587,39.35433,0.32,119
2013,6,Larceny,Other,WESTERN,Rosemont Homeowners/Tenan,-76.65739,39.29544,0.2195,151
2013,4,COMMON ASSAULT,FIRE ARM,SOUTHWESTERN,Saint Agnes,-76.67573,39.27243,0.23,25
2013,4,COMMON ASSAULT,FIRE ARM,SOUTHEASTERN,Saint Helena,-76.53182,39.26147,0.328,28
2013,5A,BURGLARY,Other,SOUTHWESTERN,Saint Josephs,-76.67313,39.28544,0.278,111
2013,6,Larceny,Other,SOUTHERN,Saint Paul,-76.64394,39.26667,0.334,15
2013,4,COMMON ASSAULT,FIRE ARM,WESTERN,Sandtown-Winchester,-76.64628,39.30551,0.2358,717
2013,6,Larceny,Other,NORTHWESTREN,Seton Business Park,-76.70776,39.34329,0.748,120
2013,6D,LARCENY FROM AUTO,Other,CENTRAL,Seton Hill,-76.62217,39.29573,0.2371,158
2013,6D,LARCENY FROM AUTO,Other,SOUTHERN,Sharp-Leadenhall,-76.61974,39.27614,0.262,80
2013,6,Larceny,Other,SOUTHWESTERN,Shipley Hill,-76.65607,39.28664,0.184,177
2013,6D,LARCENY FROM AUTO,Other,SOUTHERN,South Baltimore,-76.61321,39.2723,0.3136,175
2013,6,Larceny,HANDS,EASTERN,South Clifton Park,-76.59179,39.31263,0.231,108
2013,6,Larceny,Other,SOUTHERN,Stadium Area,-76.6197,39.28523,0.45,83
2013,4,COMMON ASSAULT,FIRE ARM,NORTHEASTERN,Stonewood-Pentwood-Winsto,-76.58846,39.34808,0.209,43
2013,5A,BURGLARY,Other,SOUTHWESTERN,Ten Hills,-76.70255,39.29215,0.336,53
2013,4A,AGG ASSAULT,Other,NORTHWESTREN,Towanda-Grantley,-76.66421,39.3338,0.209,116
2013,7,AUTO THEFT,Other,SOUTHWESTERN,Tremont,-76.69312,39.28284,0.213,33
2013,6D,LARCENY FROM AUTO,Other,Northern,Tuscany-Canterbury,-76.61807,39.33385,0.545,70
2013,5A,BURGLARY,KNIFE,SOUTHERN,Union Square,-76.63974,39.28596,0.243,173
2013,6,LARCENY ,Other,CENTRAL,University Of Maryland,-76.62384,39.29182,0.321,109
2013,5A,BURGLARY,Other,SOUTHWESTERN,Uplands,-76.69199,39.29015,0.2459,94
2013,6,LARCENY ,Other,SOUTHEASTERN,Upper Fells Point,-76.58448,39.28784,0.271,267
2013,4,COMMON ASSAULT,KNIFE,CENTRAL,Upton,-76.6284,39.2988,0.2453,510
2013,6,Larceny,Other,SOUTHWESTERN,Violetville,-76.67246,39.26155,0.2781,150
2013,5A,BURGLARY,HANDS,SOUTHWESTERN,Wakefield,-76.70194,39.30966,0.2129,80
2013,6,Larceny,HANDS,SOUTHWESTERN,Walbrook,-76.66952,39.30906,0.173,152
2013,5A,BURGLARY,Other,NORTHEASTERN,Waltherson,-76.55565,39.34076,0.3277,357
2013,6,LARCENY ,Other,SOUTHEASTERN,Washington Hill,-76.59487,39.29156,0.294,344
2013,6,Larceny,Other,SOUTHERN,Washington Village/Pigtow,-76.63007,39.28188,0.2873,605
2013,5A,BURGLARY,Other,Northern,Waverly,-76.60364,39.33101,0.2349,192
2013,5A,BURGLARY,Other,NORTHWESTREN,West Arlington,-76.69322,39.33866,0.21,119
2013,5A,BURGLARY,Other,NORTHWESTREN,West Forest Park,-76.69285,39.32178,0.34,115
2013,7,AUTO THEFT,Other,SOUTHWESTERN,West Hills,-76.69727,39.30131,0.33,66
2013,5A,BURGLARY,Other,NORTHEASTERN,Westfield,-76.55474,39.3587,0.2243,174
2013,4,COMMON ASSAULT,Other,SOUTHWESTERN,Westgate,-76.70795,39.28572,0.3325,113
2014,6,Larceny,Other,Northern,Abell,-76.61216,39.32474,0.239,148
2014,5A,BURGLARY,Other,SOUTHWESTERN,Allendale,-76.68934,39.29314,0.27,209
2014,6D,LARCENY FROM AUTO,HANDS,NORTHEASTERN,Arcadia,-76.56532,39.3294,0.265,53
2014,4,COMMON ASSAULT,Other,NORTHWESTREN,Arlington,-76.6826,39.34753,0.204,172
2014,6,Larceny,Other,NORTHEASTERN,Armistead Gardens,-76.54705,39.30542,0.25,112
2014,5A,BURGLARY,Other,NORTHWESTREN,Ashburton,-76.67145,39.32965,0.308,183
2014,6,Larceny,Other,SOUTHEASTERN,Baltimore Highlands,-76.56751,39.2925,0.302,347
2014,6,Larceny,Other,Northern,Barclay,-76.61199,39.318,0.215,260
2014,5A,BURGLARY,KNIFE,SOUTHERN,Barre Circle,-76.62624,39.2834,0.205,34
2014,6,Larceny,Other,SOUTHEASTERN,Bayview,-76.54202,39.28999,0.27,112
2014,5A,BURGLARY,Other,SOUTHWESTERN,Beechfield,-76.70061,39.27768,0.25,160
2014,6,Larceny,Other,NORTHEASTERN,Belair-Edison,-76.56761,39.32149,0.286,1079
2014,4,COMMON ASSAULT,KNIFE,NORTHEASTERN,Belair-Parkside,-76.57179,39.32831,0.333,36
2014,6D,LARCENY FROM AUTO,Other,Northern,Bellona-Gittings,-76.6205,39.36645,0.405,17
2014,5A,BURGLARY,HANDS,NORTHEASTERN,Belvedere,-76.60937,39.36413,0.326,55
2014,4,COMMON ASSAULT,HANDS,EASTERN,Berea,-76.57562,39.30613,0.255,211
2014,6,Larceny,Other,Northern,Better Waverly,-76.60813,39.32829,0.365,345
2014,6,Larceny,Other,NORTHEASTERN,Beverly Hills,-76.56816,39.33838,0.284,39
2014,4,COMMON ASSAULT,HANDS,EASTERN,Biddle Street,-76.5762,39.30497,0.339,110
2014,6D,LARCENY FROM AUTO,Other,CENTRAL,Bolton Hill,-76.62783,39.30726,0.316,276
2014,4,COMMON ASSAULT,HANDS,SOUTHWESTERN,Boyd-Booth,-76.65039,39.28702,0.2508,60
2014,6,Larceny,Other,SOUTHEASTERN,Brewers Hill,-76.56328,39.28633,0.538,146
2014,6,Larceny,HANDS,WESTERN,Bridgeview/Greenlawn,-76.65363,39.30226,0.229,185
2014,4,COMMON ASSAULT,HANDS,EASTERN,Broadway East,-76.58409,39.30526,0.283,430
2014,6,Larceny,Other,SOUTHEASTERN,Broening Manor,-76.54163,39.27612,0.387,117
2014,4,COMMON ASSAULT,Other,SOUTHERN,Brooklyn,-76.60231,39.2388,0.219,599
2014,6,LARCENY ,Other,NORTHWESTREN,Burleith-Leighton,-76.6643,39.32192,0.187,54
2014,6D,LARCENY FROM AUTO,Other,SOUTHEASTERN,Butcher's Hill,-76.58654,39.2929,0.2514,147
2014,5A,BURGLARY,HANDS,NORTHWESTREN,Callaway-Garrison,-76.68286,39.33317,0.306,65
2014,4,COMMON ASSAULT,HANDS,Northern,Cameron Village,-76.60212,39.3547,0.234,100
2014,6,LARCENY  ,Other,SOUTHEASTERN,Canton,-76.57503,39.28589,0.256,617
2014,6,Larceny,Other,SOUTHEASTERN,Canton Industrial Area,-76.55588,39.27747,0.763,222
2014,5A,BURGLARY,Other,EASTERN,CARE,-76.58659,39.2972,0.203,197
2014,6,Larceny,Other,SOUTHERN,Carroll - Camden Industri,-76.62763,39.27438,0.415,65
2014,6,Larceny,HANDS,SOUTHERN,Carroll Park,-76.64609,39.27227,0.342,41
2014,6,Larceny,Other,NORTHEASTERN,Cedmont,-76.53094,39.3545,0.295,167
2014,6D,LARCENY FROM AUTO,Other,NORTHWESTREN,Central Forest Park,-76.69051,39.32841,0.234,101
2014,4,COMMON ASSAULT,KNIFE,NORTHWESTREN,Central Park Heights,-76.67401,39.34307,0.206,498
2014,6,Larceny,Other,Northern,Charles Village,-76.61615,39.32869,0.305,345
2014,6,Larceny,HANDS,SOUTHERN,Cherry Hill,-76.62268,39.24649,0.2073,590
2014,4,COMMON ASSAULT,Other,NORTHEASTERN,Clifton Park,-76.58713,39.31884,0.266,102
2014,5A,BURGLARY,FIRE ARM,EASTERN,Darley Park,-76.59366,39.31552,0.208,78
2014,6,LARCENY  ,Other,CENTRAL,Downtown,-76.61696,39.29408,0.328,1362
2014,6,LARCENY  ,Other,CENTRAL,Downtown West,-76.62093,39.28628,0.447,181
2014,5A,BURGLARY,FIRE ARM,CENTRAL,Druid Heights,-76.63589,39.31031,0.247,207
2014,7,AUTO THEFT,HANDS,NORTHEASTERN,East Arlington,-76.67051,39.33194,0.16,106
2014,5A,BURGLARY,FIRE ARM,WESTERN,Easterwood,-76.64875,39.30576,0.213,131
2014,6,Larceny,Other,SOUTHWESTERN,Edgewood,-76.67735,39.2966,0.1617,124
2014,7,AUTO THEFT,Other,WESTERN,Evergreen Lawn,-76.65495,39.29703,0.2402,61
2014,6,Larceny,Other,SOUTHERN,Fairfield Area,-76.59756,39.23487,0.4087,83
2014,5A,BURGLARY,Other,NORTHWESTREN,Forest Park,-76.6719,39.32417,0.219,132
2014,4A,AGG ASSAULT,Other,NORTHEASTERN,Four By Four,-76.57851,39.31649,0.279,85
2014,7,AUTO THEFT,HANDS,SOUTHWESTERN,Franklintown Road,-76.66501,39.29543,0.213,119
2014,6D,LARCENY FROM AUTO,KNIFE,NORTHWESTREN,Glen,-76.69699,39.35558,0.216,274
2014,6D,LARCENY FROM AUTO,HANDS,Northern,Glen Oaks,-76.59501,39.37009,0.21,188
2014,5A,BURGLARY,HANDS,Northern,Greenspring,-76.65869,39.33299,0.206,132
2014,5A,BURGLARY,HANDS,Northern,Guilford,-76.61503,39.3366,0.294,124
2014,5A,BURGLARY,KNIFE,NORTHEASTERN,Hamilton Hills,-76.56431,39.36952,0.22,595
2014,6,Larceny,Other,NORTHWESTREN,Howard Park,-76.69161,39.33204,0.268,279
2014,6,Larceny,Other,SOUTHEASTERN,Inner Harbor,-76.6134,39.28544,0.6208,605
2014,5A,BURGLARY,HANDS,SOUTHWESTERN,Irvington,-76.68255,39.28173,0.249,318
2014,4,COMMON ASSAULT,KNIFE,EASTERN,Johnston Square,-76.60591,39.30494,0.312,188
2014,6,Larceny,Other,SOUTHERN,Lakeland,-76.65077,39.25875,0.317,321
2014,5A,BURGLARY,HANDS,NORTHEASTERN,Lauraville,-76.57359,39.35168,0.255,192
2014,6,Larceny,Other,NORTHEASTERN,Loch Raven,-76.5773,39.35692,0.232,289
2014,6D,LARCENY FROM AUTO,HANDS,CENTRAL,Madison Park,-76.63206,39.30727,0.228,253
2014,4,COMMON ASSAULT,FIRE ARM,EASTERN,Madison-Eastend,-76.57811,39.29918,0.2775,180
2014,5A,BURGLARY,Other,NORTHEASTERN,Mayfield,-76.58079,39.3318,0.307,52
2014,5A,BURGLARY,other,SOUTHEASTERN,McElderry Park,-76.58073,39.29595,0.246,504
2014,5A,BURGLARY,Other,Northern,Medfield,-76.63961,39.34126,0.213,64
2014,6,Larceny,Other,SOUTHEASTERN,Medford,-76.547,39.27837,0.336,69
2014,5A,BURGLARY,HANDS,Northern,Mid-Govans,-76.60211,39.35649,0.319,94
2014,6,LARCENY  ,Other,CENTRAL,Mid-Town Belvedere,-76.61878,39.30214,0.313,408
2014,4A,AGG ASSAULT,KNIFE,SOUTHERN,Middle Branch/Reedbird Pa,-76.61498,39.25137,0.2411,65
2014,6,Larceny,Other,EASTERN,Middle East,-76.58988,39.30252,0.2774,148
2014,4A,AGG ASSAULT,KNIFE,WESTERN,Midtown-Edmondson,-76.64739,39.29581,0.208,173
2014,6,Larceny,Other,SOUTHEASTERN,Millhill,-76.65868,39.28007,0.358,272
2014,4,COMMON ASSAULT,HANDS,EASTERN,Milton-Montford,-76.58384,39.30021,0.29,140
2014,6,Larceny,Other,WESTERN,Mondawmin,-76.65821,39.318,0.452,608
2014,5A,BURGLARY,KNIFE,NORTHEASTERN,Montebello,-76.58557,39.33297,0.2644,30
2014,5A,BURGLARY,Other,NORTHEASTERN,Moravia-Walther,-76.5653,39.33952,0.285,38
2014,4,COMMON ASSAULT,FIRE ARM,NORTHEASTERN,Morgan State University,-76.58747,39.34001,0.302,23
2014,6,LARCENY ,Other,SOUTHEASTERN,Morrell Park,-76.65868,39.26444,0.257,363
2014,4,COMMON ASSAULT,Other,WESTERN,Mosher,-76.66336,39.29871,0.25,127
2014,6,Larceny,Other,SOUTHWESTERN,Mount Holly,-76.67613,39.3115,0.3217,131
2014,6D,LARCENY FROM AUTO,Other,CENTRAL,Mount Vernon,-76.6157,39.29963,0.291,456
2014,6D,LARCENY FROM AUTO,Other,Northern,Mount Washington,-76.66598,39.35771,0.278,110
2014,7,AUTO THEFT,HANDS,SOUTHERN,Mount Winans,-76.64346,39.26344,0.20933,43
2014,6,Larceny,Other,NORTHEASTERN,New Northwood,-76.59495,39.34767,0.228,238
2014,5A,BURGLARY,HANDS,SOUTHERN,New Southwest/Mount Clare,-76.64152,39.28517,0.259,225
2014,6,Larceny,HANDS,NORTHEASTERN,North Harford Road,-76.53802,39.35834,0.2436,231
2014,5A,BURGLARY,Other,Northern,North Roland Park/Poplar,-76.63961,39.36873,0.33,51
2014,5A,BURGLARY,KNIFE,SOUTHWESTERN,Northwest Community Actio,-76.66749,39.30757,0.223,109
2014,4,COMMON ASSAULT,HANDS,SOUTHEASTERN,O'Donnell Heights,-76.54254,39.27659,0.358,67
2014,5A,BURGLARY,KNIFE,Northern,Oakenshawe,-76.60949,39.33041,0.278,84
2014,6,Larceny,Other,Northern,Old Goucher,-76.61816,39.31544,0.375,153
2014,4,COMMON ASSAULT,HANDS,EASTERN,Oldtown,-76.605,39.29904,0.281,231
2014,4,COMMON ASSAULT,HANDS,EASTERN,Oliver,-76.59606,39.30989,0.232,368
2014,6,Larceny,Other,EASTERN,Orangeville,-76.56683,39.29942,0.2368,46
2014,6,Larceny,Other,EASTERN,Orangeville Industrial Ar,-76.57113,39.31375,0.457,40
2014,6,Larceny,Other,NORTHEASTERN,Orchard Ridge,-76.56233,39.30897,0.239,60
2014,5A,BURGLARY,KNIFE,NORTHEASTERN,Original Northwood,-76.59762,39.34337,0.379,56
2014,6D,LARCENY FROM AUTO,Other,SOUTHERN,Otterbein,-76.61469,39.28398,0.4611,101
2014,7,AUTO THEFT,Other,WESTERN,Panway/Braddish Avenue,-76.66544,39.3124,0.2742,83
2014,4A,AGG ASSAULT,FIRE ARM,NORTHWESTREN,Park Circle,-76.66035,39.32906,0.1622,233
2014,4,COMMON ASSAULT,FIRE ARM,Northern,Parklane,-76.65953,39.34178,0.254,102
2014,5A,BURGLARY,HANDS,NORTHEASTERN,Parkside,-76.56038,39.32371,0.175,112
2014,5A,BURGLARY,KNIFE,WESTERN,Parkview/Woodbrook,-76.64716,39.31544,0.1753,112
2014,6,Larceny,Other,SOUTHEASTERN,Patterson Park Neighborho,-76.57537,39.29223,0.187,518
2014,5A,BURGLARY,KNIFE,SOUTHEASTERN,Patterson Place,-76.584,39.29262,0.2137,133
2014,4,COMMON ASSAULT,FIRE ARM,Northern,Pen Lucy,-76.60744,39.33963,0.2519,143
2014,4,COMMON ASSAULT,Gun,WESTERN,Penn North,-76.63808,39.31095,0.2215,278
2014,4,COMMON ASSAULT,FIRE ARM,EASTERN,Penn-Fallsway,-76.6077,39.29788,0.3409,112
2014,4,COMMON ASSAULT,FIRE ARM,WESTERN,Penrose/Fayette Street Ou,-76.65433,39.28828,0.1879,336
2014,4,COMMON ASSAULT,Other,SOUTHEASTERN,Perkins Homes,-76.59819,39.28831,0.276,124
2014,6D,LARCENY FROM AUTO,Other,NORTHEASTERN,Perring Loch,-76.58286,39.35175,0.264,126
2014,6,Larceny,Other,NORTHWESTREN,Pimlico Good Neighbors,-76.67985,39.35378,0.3,70
2014,4,COMMON ASSAULT,FIRE ARM,WESTERN,Poppleton,-76.6326,39.28997,0.213,253
2014,6,Larceny,Other,SOUTHERN,Port Covington,-76.6088,39.25945,0.914,112
2014,6,Larceny,Other,SOUTHEASTERN,Pulaski Industrial Area,-76.5405,39.2854,0.576,273
2014,6D,LARCENY FROM AUTO,Other,NORTHEASTERN,Ramblewood,-76.59348,39.36619,0.244,79
2014,6,Larceny,Other,NORTHWESTREN,Reisterstown Station,-76.7,39.35256,0.474,289
2014,6,Larceny,Other,Northern,Remington,-76.62302,39.32307,0.2832,186
2014,4,COMMON ASSAULT,Gun,CENTRAL,Reservoir Hill,-76.63365,39.31367,0.206,414
2014,6D,LARCENY FROM AUTO,Other,SOUTHERN,Ridgely's Delight,-76.62377,39.28247,0.316,76
2014,6,LARCENY ,Other,SOUTHERN,Riverside,-76.60648,39.27036,0.2936,267
2014,6,Larceny,Other,SOUTHWESTERN,Rognel Heights,-76.68881,39.29661,0.226,144
2014,6A,LARCENY FROM AUTO,Other,Northern,Roland Park,-76.63554,39.34451,0.336,128
2014,5A,BURGLARY,HANDS,SOUTHWESTERN,Rosemont,-76.66678,39.30471,0.2096,191
2014,5A,BURGLARY,Other,NORTHEASTERN,Rosemont East,-76.53587,39.35433,0.2936,136
2014,6,Larceny,Other,WESTERN,Rosemont Homeowners/Tenan,-76.65739,39.29544,0.2236,131
2014,6,LARCENY ,Other,SOUTHWESTERN,Saint Agnes,-76.67573,39.27243,0.2736,29
2014,6,Larceny,Other,SOUTHEASTERN,Saint Helena,-76.53182,39.26147,0.2936,34
2014,5A,BURGLARY,Other,SOUTHWESTERN,Saint Josephs,-76.67313,39.28544,0.256,120
2014,6,Larceny,Other,SOUTHERN,Saint Paul,-76.64394,39.26667,0.6,8
2014,4,COMMON ASSAULT,FIRE ARM,WESTERN,Sandtown-Winchester,-76.64628,39.30551,0.2636,614
2014,6,Larceny,Other,NORTHWESTREN,Seton Business Park,-76.70776,39.34329,0.7076,61
2014,6D,LARCENY FROM AUTO,Other,CENTRAL,Seton Hill,-76.62217,39.29573,0.2736,149
2014,6D,LARCENY FROM AUTO,Other,SOUTHERN,Sharp-Leadenhall,-76.61974,39.27614,0.3136,80
2014,4,COMMON ASSAULT,FIRE ARM,SOUTHWESTERN,Shipley Hill,-76.65607,39.28664,0.1936,166
2014,6,LARCENY ,Other,SOUTHERN,South Baltimore,-76.61321,39.2723,0.2896,159
2014,4,COMMON ASSAULT,Gun,EASTERN,South Clifton Park,-76.59179,39.31263,0.3436,105
2014,6,Larceny,Other,SOUTHERN,Stadium Area,-76.6197,39.28523,0.5836,67
2014,6D,LARCENY FROM AUTO,FIRE ARM,NORTHEASTERN,Stonewood-Pentwood-Winsto,-76.58846,39.34808,0.2436,49
2014,5A,BURGLARY,KNIFE,SOUTHWESTERN,Ten Hills,-76.70255,39.29215,0.2836,57
2014,4,COMMON ASSAULT,FIRE ARM,NORTHWESTREN,Towanda-Grantley,-76.66421,39.3338,0.306,112
2014,5A,BURGLARY,Other,SOUTHWESTERN,Tremont,-76.69312,39.28284,0.2836,25
2014,6,LARCENY ,Other,Northern,Tuscany-Canterbury,-76.61807,39.33385,0.2446,38
2014,5A,BURGLARY,KNIFE,SOUTHERN,Union Square,-76.63974,39.28596,0.1836,155
2014,6,LARCENY ,Other,CENTRAL,University Of Maryland,-76.62384,39.29182,0.36,82
2014,6D,LARCENY FROM AUTO,Other,SOUTHWESTERN,Uplands,-76.69199,39.29015,0.22836,74
2014,5A,BURGLARY,HANDS,SOUTHEASTERN,Upper Fells Point,-76.58448,39.28784,0.2136,187
2014,6,Larceny,Other,CENTRAL,Upton,-76.6284,39.2988,0.236,496
2014,6,Larceny,Other,SOUTHWESTERN,Violetville,-76.67246,39.26155,0.2196,132
2014,4,COMMON ASSAULT,Gun,SOUTHWESTERN,Wakefield,-76.70194,39.30966,0.216,80
2014,7,AUTO THEFT,KNIFE,SOUTHWESTERN,Walbrook,-76.66952,39.30906,0.906,65
2014,5A,BURGLARY,KNIFE,NORTHEASTERN,Waltherson,-76.55565,39.34076,0.2836,301
2014,6,LARCENY ,Other,SOUTHEASTERN,Washington Hill,-76.59487,39.29156,0.346,292
2014,6,Larceny,Other,SOUTHERN,Washington Village/Pigtow,-76.63007,39.28188,0.2836,596
2014,5A,BURGLARY,HANDS,Northern,Waverly,-76.60364,39.33101,0.2536,185
2014,6D,LARCENY FROM AUTO,Other,NORTHWESTREN,West Arlington,-76.69322,39.33866,0.213,108
2014,5A,BURGLARY,HANDS,NORTHWESTREN,West Forest Park,-76.69285,39.32178,0.2336,107
2014,6,Larceny,Other,SOUTHWESTERN,West Hills,-76.69727,39.30131,0.263,72
2014,6,Larceny,Other,NORTHEASTERN,Westfield,-76.55474,39.3587,0.26,72
2014,4,COMMON ASSAULT,Gun,SOUTHWESTERN,Westgate,-76.70795,39.28572,0.262,145
2015,6D,LARCENY FROM AUTO,Other,Northern,Abell,-76.61216,39.32474,0.2,110
2015,5A,BURGLARY,Other,SOUTHWESTERN,Allendale,-76.68934,39.29314,0.19,211
2015,5A,BURGLARY,HANDS,NORTHEASTERN,Arcadia,-76.56532,39.3294,0.185,58
2015,6,Larceny,Other,NORTHWESTREN,Arlington,-76.6826,39.34753,0.2104,201
2015,6,Larceny,Other,NORTHEASTERN,Armistead Gardens,-76.54705,39.30542,0.35,122
2015,5A,BURGLARY,Other,NORTHWESTREN,Ashburton,-76.67145,39.32965,0.418,158
2015,6,Larceny,Other,SOUTHEASTERN,Baltimore Highlands,-76.56751,39.2925,0.3502,407
2015,4,COMMON ASSAULT,FIRE ARM,Northern,Barclay,-76.61199,39.318,0.175,290
2015,5A,BURGLARY,KNIFE,SOUTHERN,Barre Circle,-76.62624,39.2834,0.2605,34
2015,4,COMMON ASSAULT,Gun,SOUTHEASTERN,Bayview,-76.54202,39.28999,0.227,147
2015,7,AUTO THEFT,Other,SOUTHWESTERN,Beechfield,-76.70061,39.27768,0.23,130
2015,6,Larceny,Other,NORTHEASTERN,Belair-Edison,-76.56761,39.32149,0.256,1009
2015,5A,BURGLARY,KNIFE,NORTHEASTERN,Belair-Parkside,-76.57179,39.32831,0.253,27
2015,5A,BURGLARY,Other,Northern,Bellona-Gittings,-76.6205,39.36645,0.35,17
2015,5A,BURGLARY,HANDS,NORTHEASTERN,Belvedere,-76.60937,39.36413,0.4,80
2015,4,COMMON ASSAULT,FIRE ARM,EASTERN,Berea,-76.57562,39.30613,0.245,260
2015,6,Larceny,Other,Northern,Better Waverly,-76.60813,39.32829,0.34,342
2015,6,Larceny,Other,NORTHEASTERN,Beverly Hills,-76.56816,39.33838,0.274,43
2015,4,COMMON ASSAULT,HANDS,EASTERN,Biddle Street,-76.5762,39.30497,0.29,91
2015,6D,LARCENY FROM AUTO,Other,CENTRAL,Bolton Hill,-76.62783,39.30726,0.256,320
2015,4A,AGG ASSAULT,Gun,SOUTHWESTERN,Boyd-Booth,-76.65039,39.28702,0.2508,62
2015,6,Larceny,Other,SOUTHEASTERN,Brewers Hill,-76.56328,39.28633,0.438,128
2015,7,AUTO THEFT,HANDS,WESTERN,Bridgeview/Greenlawn,-76.65363,39.30226,0.219,165
2015,4,COMMON ASSAULT,HANDS,EASTERN,Broadway East,-76.58409,39.30526,0.213,491
2015,6,Larceny,Other,SOUTHEASTERN,Broening Manor,-76.54163,39.27612,0.287,132
2015,5A,BURGLARY,HANDS,SOUTHERN,Brooklyn,-76.60231,39.2388,0.209,732
2015,7,AUTO THEFT,Other,NORTHWESTREN,Burleith-Leighton,-76.6643,39.32192,0.287,50
2015,5A,BURGLARY,Other,SOUTHEASTERN,Butcher's Hill,-76.58654,39.2929,0.264,164
2015,5A,BURGLARY,HANDS,NORTHWESTREN,Callaway-Garrison,-76.68286,39.33317,0.296,54
2015,4,COMMON ASSAULT,HANDS,Northern,Cameron Village,-76.60212,39.3547,0.234,96
2015,6D,LARCENY FROM AUTO,Other,SOUTHEASTERN,Canton,-76.57503,39.28589,0.286,654
2015,6,Larceny,Other,SOUTHEASTERN,Canton Industrial Area,-76.55588,39.27747,0.713,248
2015,6,Larceny,Other,EASTERN,CARE,-76.58659,39.2972,0.244,180
2015,6,Larceny,Other,SOUTHERN,Carroll - Camden Industri,-76.62763,39.27438,0.405,312
2015,6,Larceny,HANDS,SOUTHERN,Carroll Park,-76.64609,39.27227,0.302,62
2015,6,Larceny,Other,NORTHEASTERN,Cedmont,-76.53094,39.3545,0.295,177
2015,7,AUTO THEFT,Other,NORTHWESTREN,Central Forest Park,-76.69051,39.32841,0.284,77
2015,4A,AGG ASSAULT,KNIFE,NORTHWESTREN,Central Park Heights,-76.67401,39.34307,0.196,520
2015,6,Larceny,Other,Northern,Charles Village,-76.61615,39.32869,0.245,406
2015,4,COMMON ASSAULT,FIRE ARM,SOUTHERN,Cherry Hill,-76.62268,39.24649,0.193,620
2015,4,COMMON ASSAULT,Other,NORTHEASTERN,Clifton Park,-76.58713,39.31884,0.2266,97
2015,5A,BURGLARY,FIRE ARM,EASTERN,Darley Park,-76.59366,39.31552,0.258,132
2015,6,LARCENY  ,Other,CENTRAL,Downtown,-76.61696,39.29408,0.338,1408
2015,6,LARCENY  ,Other,CENTRAL,Downtown West,-76.62093,39.28628,0.537,175
2015,4,COMMON ASSAULT,FIRE ARM,CENTRAL,Druid Heights,-76.63589,39.31031,0.197,204
2015,5A,BURGLARY,HANDS,NORTHEASTERN,East Arlington,-76.67051,39.33194,0.216,121
2015,5A,BURGLARY,FIRE ARM,WESTERN,Easterwood,-76.64875,39.30576,0.2713,137
2015,5A,BURGLARY,Other,SOUTHWESTERN,Edgewood,-76.67735,39.2966,0.27,155
2015,7,AUTO THEFT,Other,WESTERN,Evergreen Lawn,-76.65495,39.29703,0.272,74
2015,6,Larceny,Other,SOUTHERN,Fairfield Area,-76.59756,39.23487,0.287,73
2015,5A,BURGLARY,Other,NORTHWESTREN,Forest Park,-76.6719,39.32417,0.239,92
2015,5A,BURGLARY,Other,NORTHEASTERN,Four By Four,-76.57851,39.31649,0.209,98
2015,4,COMMON ASSAULT,FIRE ARM,SOUTHWESTERN,Franklintown Road,-76.66501,39.29543,0.193,142
2015,5A,BURGLARY,KNIFE,NORTHWESTREN,Glen,-76.69699,39.35558,0.2516,298
2015,6D,LARCENY FROM AUTO,HANDS,Northern,Glen Oaks,-76.59501,39.37009,0.151,204
2015,5A,BURGLARY,HANDS,Northern,Greenspring,-76.65869,39.33299,0.276,230
2015,6A,LARCENY FROM AUTO,HANDS,Northern,Guilford,-76.61503,39.3366,0.3114,122
2015,5A,BURGLARY,KNIFE,NORTHEASTERN,Hamilton Hills,-76.56431,39.36952,0.192,585
2015,5A,BURGLARY,Other,NORTHWESTREN,Howard Park,-76.69161,39.33204,0.218,331
2015,6,Larceny,Other,SOUTHEASTERN,Inner Harbor,-76.6134,39.28544,0.608,496
2015,6D,LARCENY FROM AUTO,HANDS,SOUTHWESTERN,Irvington,-76.68255,39.28173,0.239,338
2015,4,COMMON ASSAULT,KNIFE,EASTERN,Johnston Square,-76.60591,39.30494,0.172,227
2015,6,Larceny,Other,SOUTHERN,Lakeland,-76.65077,39.25875,0.2417,307
2015,6D,LARCENY FROM AUTO,HANDS,NORTHEASTERN,Lauraville,-76.57359,39.35168,0.255,239
2015,6,Larceny,Other,NORTHEASTERN,Loch Raven,-76.5773,39.35692,0.212,257
2015,4,COMMON ASSAULT,Gun,CENTRAL,Madison Park,-76.63206,39.30727,0.208,296
2015,4,COMMON ASSAULT,FIRE ARM,EASTERN,Madison-Eastend,-76.57811,39.29918,0.2135,197
2015,6D,LARCENY FROM AUTO,Other,NORTHEASTERN,Mayfield,-76.58079,39.3318,0.297,61
2015,5A,BURGLARY,other,SOUTHEASTERN,McElderry Park,-76.58073,39.29595,0.227,545
2015,5A,BURGLARY,Other,Northern,Medfield,-76.63961,39.34126,0.237,112
2015,6,Larceny,Other,SOUTHEASTERN,Medford,-76.547,39.27837,0.3107,115
2015,5A,BURGLARY,HANDS,Northern,Mid-Govans,-76.60211,39.35649,0.367,108
2015,6,LARCENY  ,Other,CENTRAL,Mid-Town Belvedere,-76.61878,39.30214,0.307,408
2015,4A,AGG ASSAULT,KNIFE,SOUTHERN,Middle Branch/Reedbird Pa,-76.61498,39.25137,0.368,76
2015,6,Larceny,Other,EASTERN,Middle East,-76.58988,39.30252,0.294,173
2015,4A,AGG ASSAULT,KNIFE,WESTERN,Midtown-Edmondson,-76.64739,39.29581,0.207,208
2015,6,Larceny,Other,SOUTHEASTERN,Millhill,-76.65868,39.28007,0.287,292
2015,5A,BURGLARY,HANDS,EASTERN,Milton-Montford,-76.58384,39.30021,0.187,149
2015,6,Larceny,Other,WESTERN,Mondawmin,-76.65821,39.318,0.437,627
2015,8,ROBBERY-STREET,KNIFE,NORTHEASTERN,Montebello,-76.58557,39.33297,0.472,36
2015,6D,LARCENY FROM AUTO,Other,NORTHEASTERN,Moravia-Walther,-76.5653,39.33952,0.317,35
2015,8,ROBBERY-STREET,FIRE ARM,NORTHEASTERN,Morgan State University,-76.58747,39.34001,0.207,48
2015,6,LARCENY ,Other,SOUTHEASTERN,Morrell Park,-76.65868,39.26444,0.24,324
2015,7,AUTO THEFT,KNIFE,WESTERN,Mosher,-76.66336,39.29871,0.187,116
2015,6,Larceny,Other,SOUTHWESTERN,Mount Holly,-76.67613,39.3115,0.2807,107
2015,6,Larceny,Other,CENTRAL,Mount Vernon,-76.6157,39.29963,0.22,453
2015,5A,BURGLARY,Other,Northern,Mount Washington,-76.66598,39.35771,0.337,163
2015,4,COMMON ASSAULT,FIRE ARM,SOUTHERN,Mount Winans,-76.64346,39.26344,0.27,51
2015,6,Larceny,Other,NORTHEASTERN,New Northwood,-76.59495,39.34767,0.185,242
2015,5A,BURGLARY,HANDS,SOUTHERN,New Southwest/Mount Clare,-76.64152,39.28517,0.207,241
2015,5A,BURGLARY,HANDS,NORTHEASTERN,North Harford Road,-76.53802,39.35834,0.217,255
2015,6D,LARCENY FROM AUTO,Other,Northern,North Roland Park/Poplar,-76.63961,39.36873,0.317,41
2015,5A,BURGLARY,KNIFE,SOUTHWESTERN,Northwest Community Actio,-76.66749,39.30757,0.227,124
2015,4,COMMON ASSAULT,HANDS,SOUTHEASTERN,O'Donnell Heights,-76.54254,39.27659,0.2027,69
2015,5A,BURGLARY,KNIFE,Northern,Oakenshawe,-76.60949,39.33041,0.258,85
2015,6,Larceny,Other,Northern,Old Goucher,-76.61816,39.31544,0.277,137
2015,4,COMMON ASSAULT,HANDS,EASTERN,Oldtown,-76.605,39.29904,0.2297,222
2015,4,COMMON ASSAULT,FIRE ARM,EASTERN,Oliver,-76.59606,39.30989,0.1997,366
2015,6,Larceny,Other,EASTERN,Orangeville,-76.56683,39.29942,0.337,78
2015,6,Larceny,Other,EASTERN,Orangeville Industrial Ar,-76.57113,39.31375,0.327,46
2015,5A,BURGLARY,HANDS,NORTHEASTERN,Orchard Ridge,-76.56233,39.30897,0.407,71
2015,6,Larceny,KNIFE,NORTHEASTERN,Original Northwood,-76.59762,39.34337,0.197,66
2015,6D,LARCENY FROM AUTO,Other,SOUTHERN,Otterbein,-76.61469,39.28398,0.287,77
2015,7,AUTO THEFT,Other,WESTERN,Panway/Braddish Avenue,-76.66544,39.3124,0.387,81
2015,5A,BURGLARY,FIRE ARM,NORTHWESTREN,Park Circle,-76.66035,39.32906,0.3232,181
2015,5A,BURGLARY,KNIFE,Northern,Parklane,-76.65953,39.34178,0.257,119
2015,7,AUTO THEFT,HANDS,NORTHEASTERN,Parkside,-76.56038,39.32371,0.207,123
2015,5A,BURGLARY,KNIFE,WESTERN,Parkview/Woodbrook,-76.64716,39.31544,0.207,140
2015,5A,BURGLARY,Other,SOUTHEASTERN,Patterson Park Neighborho,-76.57537,39.29223,0.2177,640
2015,5A,BURGLARY,KNIFE,SOUTHEASTERN,Patterson Place,-76.584,39.29262,0.257,131
2015,5A,BURGLARY,FIRE ARM,Northern,Pen Lucy,-76.60744,39.33963,0.197,173
2015,4A,AGG ASSAULT,Gun,WESTERN,Penn North,-76.63808,39.31095,0.176,345
2015,4,COMMON ASSAULT,FIRE ARM,EASTERN,Penn-Fallsway,-76.6077,39.29788,0.2337,167
2015,7,AUTO THEFT,FIRE ARM,WESTERN,Penrose/Fayette Street Ou,-76.65433,39.28828,0.2027,371
2015,4,COMMON ASSAULT,Other,SOUTHEASTERN,Perkins Homes,-76.59819,39.28831,0.2627,118
2015,6D,LARCENY FROM AUTO,Other,NORTHEASTERN,Perring Loch,-76.58286,39.35175,0.337,122
2015,6,Larceny,Other,NORTHWESTREN,Pimlico Good Neighbors,-76.67985,39.35378,0.3,80
2015,7,AUTO THEFT,FIRE ARM,WESTERN,Poppleton,-76.6326,39.28997,0.167,263
2015,6,Larceny,Other,SOUTHERN,Port Covington,-76.6088,39.25945,0.897,46
2015,6,Larceny,Other,SOUTHEASTERN,Pulaski Industrial Area,-76.5405,39.2854,0.547,319
2015,6D,LARCENY FROM AUTO,Other,NORTHEASTERN,Ramblewood,-76.59348,39.36619,0.267,78
2015,6,Larceny,Other,NORTHWESTREN,Reisterstown Station,-76.7,39.35256,0.411,265
2015,6,Larceny,Other,Northern,Remington,-76.62302,39.32307,0.257,213
2015,6,Larceny,Other,CENTRAL,Reservoir Hill,-76.63365,39.31367,0.186,386
2015,6D,LARCENY FROM AUTO,Other,SOUTHERN,Ridgely's Delight,-76.62377,39.28247,0.417,79
2015,6,LARCENY ,Other,SOUTHERN,Riverside,-76.60648,39.27036,0.2637,277
2015,6,Larceny,Other,SOUTHWESTERN,Rognel Heights,-76.68881,39.29661,0.3197,119
2015,6,LARCENY  ,Other,Northern,Roland Park,-76.63554,39.34451,0.287,120
2015,4,COMMON ASSAULT,FIRE ARM,SOUTHWESTERN,Rosemont,-76.66678,39.30471,0.1997,221
2015,6D,LARCENY FROM AUTO,Other,NORTHEASTERN,Rosemont East,-76.53587,39.35433,0.237,78
2015,7,AUTO THEFT,Other,WESTERN,Rosemont Homeowners/Tenan,-76.65739,39.29544,0.259,108
2015,5A,BURGLARY,Other,SOUTHWESTERN,Saint Agnes,-76.67573,39.27243,0.4217,57
2015,4,COMMON ASSAULT,Gun,SOUTHEASTERN,Saint Helena,-76.53182,39.26147,0.297,37
2015,5A,BURGLARY,Other,SOUTHWESTERN,Saint Josephs,-76.67313,39.28544,0.2447,127
2015,5A,BURGLARY,Other,SOUTHERN,Saint Paul,-76.64394,39.26667,0.37,8
2015,4A,AGG ASSAULT,FIRE ARM,WESTERN,Sandtown-Winchester,-76.64628,39.30551,0.1997,731
2015,6,Larceny,Other,NORTHWESTREN,Seton Business Park,-76.70776,39.34329,0.297,44
2015,6D,LARCENY FROM AUTO,Other,CENTRAL,Seton Hill,-76.62217,39.29573,0.297,202
2015,6D,LARCENY FROM AUTO,Other,SOUTHERN,Sharp-Leadenhall,-76.61974,39.27614,0.324,62
2015,6,Larceny,FIRE ARM,SOUTHWESTERN,Shipley Hill,-76.65607,39.28664,0.182,197
2015,5A,BURGLARY,Other,SOUTHERN,South Baltimore,-76.61321,39.2723,0.297,172
2015,6,LARCENY ,Other,EASTERN,South Clifton Park,-76.59179,39.31263,0.187,103
2015,6,Larceny,Other,SOUTHERN,Stadium Area,-76.6197,39.28523,0.447,27
2015,6D,LARCENY FROM AUTO,FIRE ARM,NORTHEASTERN,Stonewood-Pentwood-Winsto,-76.58846,39.34808,0.267,45
2015,5A,BURGLARY,KNIFE,SOUTHWESTERN,Ten Hills,-76.70255,39.29215,0.337,45
2015,4,COMMON ASSAULT,FIRE ARM,NORTHWESTREN,Towanda-Grantley,-76.66421,39.3338,0.237,97
2015,6,Larceny,Other,SOUTHWESTERN,Tremont,-76.69312,39.28284,0.27,40
2015,6D,LARCENY FROM AUTO,Other,Northern,Tuscany-Canterbury,-76.61807,39.33385,0.487,47
2015,5A,BURGLARY,KNIFE,SOUTHERN,Union Square,-76.63974,39.28596,0.237,139
2015,4A,AGG ASSAULT,Other,CENTRAL,University Of Maryland,-76.62384,39.29182,0.1697,118
2015,6D,LARCENY FROM AUTO,Other,SOUTHWESTERN,Uplands,-76.69199,39.29015,0.437,112
2015,5A,BURGLARY,HANDS,SOUTHEASTERN,Upper Fells Point,-76.58448,39.28784,0.227,255
2015,6,Larceny,Other,CENTRAL,Upton,-76.6284,39.2988,0.207,648
2015,6,Larceny,Other,SOUTHWESTERN,Violetville,-76.67246,39.26155,0.2467,162
2015,7,AUTO THEFT,Gun,SOUTHWESTERN,Wakefield,-76.70194,39.30966,0.237,80
2015,7,AUTO THEFT,KNIFE,SOUTHWESTERN,Walbrook,-76.66952,39.30906,0.207,176
2015,5A,BURGLARY,KNIFE,NORTHEASTERN,Waltherson,-76.55565,39.34076,0.27,329
2015,6,LARCENY ,Other,SOUTHEASTERN,Washington Hill,-76.59487,39.29156,0.287,322
2015,6,Larceny,Other,SOUTHERN,Washington Village/Pigtow,-76.63007,39.28188,0.2557,560
2015,5A,BURGLARY,HANDS,Northern,Waverly,-76.60364,39.33101,0.247,201
2015,7,AUTO THEFT,Other,NORTHWESTREN,West Arlington,-76.69322,39.33866,0.177,107
2015,5A,BURGLARY,HANDS,NORTHWESTREN,West Forest Park,-76.69285,39.32178,0.367,128
2015,7,AUTO THEFT,Other,SOUTHWESTERN,West Hills,-76.69727,39.30131,0.247,62
2015,6D,LARCENY FROM AUTO,Other,NORTHEASTERN,Westfield,-76.55474,39.3587,0.176,193
2015,6D,LARCENY FROM AUTO,Gun,SOUTHWESTERN,Westgate,-76.70795,39.28572,0.217,112
2016,5A,BURGLARY,Other,Northern,Abell,-76.61216,39.32474,0.3,125
2016,4,COMMON ASSAULT,FIRE ARM,SOUTHWESTERN,Allendale,-76.68934,39.29314,0.21,176
2016,5A,BURGLARY,HANDS,NORTHEASTERN,Arcadia,-76.56532,39.3294,0.315,48
2016,5A,COMMON ASSAULT,Gun,NORTHWESTREN,Arlington,-76.6826,39.34753,0.234,196
2016,5A,BURGLARY,Other,NORTHEASTERN,Armistead Gardens,-76.54705,39.30542,0.235,159
2016,5A,BURGLARY,Other,NORTHWESTREN,Ashburton,-76.67145,39.32965,0.328,142
2016,6,Larceny,Other,SOUTHEASTERN,Baltimore Highlands,-76.56751,39.2925,0.226,356
2016,6D,LARCENY FROM AUTO,Other,Northern,Barclay,-76.61199,39.318,0.205,320
2016,5A,BURGLARY,KNIFE,SOUTHERN,Barre Circle,-76.62624,39.2834,0.277,36
2016,6D,LARCENY FROM AUTO,Other,SOUTHEASTERN,Bayview,-76.54202,39.28999,0.282,145
2016,7,AUTO THEFT,Other,SOUTHWESTERN,Beechfield,-76.70061,39.27768,0.237,131
2016,6,Larceny,Other,NORTHEASTERN,Belair-Edison,-76.56761,39.32149,0.207,1027
2016,5A,BURGLARY,KNIFE,NORTHEASTERN,Belair-Parkside,-76.57179,39.32831,0.304,23
2016,5A,BURGLARY,Other,Northern,Bellona-Gittings,-76.6205,39.36645,0.37,16
2016,6,Larceny,Other,NORTHEASTERN,Belvedere,-76.60937,39.36413,0.337,56
2016,4,COMMON ASSAULT,FIRE ARM,EASTERN,Berea,-76.57562,39.30613,0.2307,247
2016,6,Larceny,Other,Northern,Better Waverly,-76.60813,39.32829,0.2697,315
2016,6,Larceny,Other,NORTHEASTERN,Beverly Hills,-76.56816,39.33838,0.347,35
2016,4,COMMON ASSAULT,HANDS,EASTERN,Biddle Street,-76.5762,39.30497,0.3017,93
2016,6,LARCENY ,Other,CENTRAL,Bolton Hill,-76.62783,39.30726,0.267,303
2016,4,COMMON ASSAULT,Gun,SOUTHWESTERN,Boyd-Booth,-76.65039,39.28702,0.233,62
2016,6,Larceny,Other,SOUTHEASTERN,Brewers Hill,-76.56328,39.28633,0.392,135
2016,4,COMMON ASSAULT,KNIFE,WESTERN,Bridgeview/Greenlawn,-76.65363,39.30226,0.215,209
2016,4,COMMON ASSAULT,HANDS,EASTERN,Broadway East,-76.58409,39.30526,0.196,570
2016,5A,BURGLARY,Other,SOUTHEASTERN,Broening Manor,-76.54163,39.27612,0.246,146
2016,5A,BURGLARY,HANDS,SOUTHERN,Brooklyn,-76.60231,39.2388,0.207,996
2016,6D,LARCENY FROM AUTO,Other,NORTHWESTREN,Burleith-Leighton,-76.6643,39.32192,0.288,52
2016,6D,LARCENY FROM AUTO,Other,SOUTHEASTERN,Butcher's Hill,-76.58654,39.2929,0.235,159
2016,5A,BURGLARY,HANDS,NORTHWESTREN,Callaway-Garrison,-76.68286,39.33317,0.247,101
2016,4,COMMON ASSAULT,HANDS,Northern,Cameron Village,-76.60212,39.3547,0.303,89
2016,6D,LARCENY FROM AUTO,Other,SOUTHEASTERN,Canton,-76.57503,39.28589,0.297,587
2016,6,Larceny,Other,SOUTHEASTERN,Canton Industrial Area,-76.55588,39.27747,0.73,267
2016,6,Larceny,Other,EASTERN,CARE,-76.58659,39.2972,0.2,205
2016,6,Larceny,Other,SOUTHERN,Carroll - Camden Industri,-76.62763,39.27438,0.297,365
2016,7,AUTO THEFT,KNIFE,SOUTHERN,Carroll Park,-76.64609,39.27227,0.181,37
2016,6,Larceny,Other,NORTHEASTERN,Cedmont,-76.53094,39.3545,0.225,160
2016,6,Larceny,Other,NORTHWESTREN,Central Forest Park,-76.69051,39.32841,0.237,68
2016,4A,AGG ASSAULT,KNIFE,NORTHWESTREN,Central Park Heights,-76.67401,39.34307,0.18,604
2016,6,Larceny,Other,Northern,Charles Village,-76.61615,39.32869,0.287,378
2016,5A,BURGLARY,FIRE ARM,SOUTHERN,Cherry Hill,-76.62268,39.24649,0.357,847
2016,6,Larceny,Other,NORTHEASTERN,Clifton Park,-76.58713,39.31884,0.1857,124
2016,4,COMMON ASSAULT,FIRE ARM,EASTERN,Darley Park,-76.59366,39.31552,0.3017,93
2016,6,LARCENY  ,Other,CENTRAL,Downtown,-76.61696,39.29408,0.27,1672
2016,6,LARCENY  ,Other,CENTRAL,Downtown West,-76.62093,39.28628,0.447,167
2016,4A,AGG ASSAULT,FIRE ARM,CENTRAL,Druid Heights,-76.63589,39.31031,0.1617,229
2016,5A,BURGLARY,HANDS,NORTHEASTERN,East Arlington,-76.67051,39.33194,0.327,116
2016,7,AUTO THEFT,FIRE ARM,WESTERN,Easterwood,-76.64875,39.30576,0.1917,141
2016,5A,BURGLARY,Other,SOUTHWESTERN,Edgewood,-76.67735,39.2966,0.21897,137
2016,7,AUTO THEFT,Other,WESTERN,Evergreen Lawn,-76.65495,39.29703,0.24,65
2016,5A,BURGLARY,Other,SOUTHERN,Fairfield Area,-76.59756,39.23487,0.207,53
2016,7,AUTO THEFT,Other,NORTHWESTREN,Forest Park,-76.6719,39.32417,0.229,96
2016,5A,BURGLARY,Other,NORTHEASTERN,Four By Four,-76.57851,39.31649,0.229,109
2016,7,AUTO THEFT,FIRE ARM,SOUTHWESTERN,Franklintown Road,-76.66501,39.29543,0.207,172
2016,6D,LARCENY FROM AUTO,Other,NORTHWESTREN,Glen,-76.69699,39.35558,0.2247,276
2016,7,AUTO THEFT,HANDS,Northern,Glen Oaks,-76.59501,39.37009,0.1837,136
2016,5A,BURGLARY,HANDS,Northern,Greenspring,-76.65869,39.33299,0.217,228
2016,6A,LARCENY FROM AUTO,HANDS,Northern,Guilford,-76.61503,39.3366,0.287,118
2016,5A,BURGLARY,KNIFE,NORTHEASTERN,Hamilton Hills,-76.56431,39.36952,0.207,547
2016,6,Larceny,Other,NORTHWESTREN,Howard Park,-76.69161,39.33204,0.244,323
2016,6,Larceny,Other,SOUTHEASTERN,Inner Harbor,-76.6134,39.28544,0.57,515
2016,4,COMMON ASSAULT,FIRE ARM,SOUTHWESTERN,Irvington,-76.68255,39.28173,0.197,264
2016,4,COMMON ASSAULT,KNIFE,EASTERN,Johnston Square,-76.60591,39.30494,0.197,201
2016,6,Larceny,Other,SOUTHERN,Lakeland,-76.65077,39.25875,0.187,338
2016,5A,BURGLARY,HANDS,NORTHEASTERN,Lauraville,-76.57359,39.35168,0.257,190
2016,6,Larceny,Other,NORTHEASTERN,Loch Raven,-76.5773,39.35692,0.217,206
2016,4,COMMON ASSAULT,Gun,CENTRAL,Madison Park,-76.63206,39.30727,0.167,258
2016,4,COMMON ASSAULT,FIRE ARM,EASTERN,Madison-Eastend,-76.57811,39.29918,0.1927,217
2016,6D,LARCENY FROM AUTO,Other,NORTHEASTERN,Mayfield,-76.58079,39.3318,0.2427,33
2016,5A,BURGLARY,other,SOUTHEASTERN,McElderry Park,-76.58073,39.29595,0.27,559
2016,6,Larceny,Other,Northern,Medfield,-76.63961,39.34126,0.267,80
2016,6D,LARCENY FROM AUTO,Other,SOUTHEASTERN,Medford,-76.547,39.27837,0.3037,99
2016,5A,BURGLARY,HANDS,Northern,Mid-Govans,-76.60211,39.35649,0.17,56
2016,6,LARCENY  ,Other,CENTRAL,Mid-Town Belvedere,-76.61878,39.30214,0.317,408
2016,4A,AGG ASSAULT,KNIFE,SOUTHERN,Middle Branch/Reedbird Pa,-76.61498,39.25137,0.3,90
2016,6D,LARCENY FROM AUTO,Other,EASTERN,Middle East,-76.58988,39.30252,0.357,199
2016,7,AUTO THEFT,KNIFE,WESTERN,Midtown-Edmondson,-76.64739,39.29581,0.175,188
2016,6,Larceny,Other,SOUTHEASTERN,Millhill,-76.65868,39.28007,0.2827,322
2016,4,COMMON ASSAULT,FIRE ARM,EASTERN,Milton-Montford,-76.58384,39.30021,0.1917,145
2016,6,Larceny,Other,WESTERN,Mondawmin,-76.65821,39.318,0.327,531
2016,8,ROBBERY-STREET,KNIFE,NORTHEASTERN,Montebello,-76.58557,39.33297,0.307,23
2016,5A,BURGLARY,HANDS,NORTHEASTERN,Moravia-Walther,-76.5653,39.33952,0.387,34
2016,4A,AGG ASSAULT,FIRE ARM,NORTHEASTERN,Morgan State University,-76.58747,39.34001,0.207,43
2016,6,LARCENY ,Other,SOUTHEASTERN,Morrell Park,-76.65868,39.26444,0.257,450
2016,4A,AGG ASSAULT,KNIFE,WESTERN,Mosher,-76.66336,39.29871,0.207,120
2016,7,AUTO THEFT,Other,SOUTHWESTERN,Mount Holly,-76.67613,39.3115,0.167,116
2016,6D,LARCENY FROM AUTO,Other,CENTRAL,Mount Vernon,-76.6157,39.29963,0.237,520
2016,5A,BURGLARY,Other,Northern,Mount Washington,-76.66598,39.35771,0.4,135
2016,4,COMMON ASSAULT,FIRE ARM,SOUTHERN,Mount Winans,-76.64346,39.26344,0.228,35
2016,6,Larceny,Other,NORTHEASTERN,New Northwood,-76.59495,39.34767,0.244,188
2016,5A,BURGLARY,HANDS,SOUTHERN,New Southwest/Mount Clare,-76.64152,39.28517,0.227,241
2016,5A,BURGLARY,HANDS,NORTHEASTERN,North Harford Road,-76.53802,39.35834,0.227,255
2016,6D,LARCENY FROM AUTO,Other,Northern,North Roland Park/Poplar,-76.63961,39.36873,0.227,41
2016,5A,BURGLARY,KNIFE,SOUTHWESTERN,Northwest Community Actio,-76.66749,39.30757,0.207,223
2016,4,COMMON ASSAULT,HANDS,SOUTHEASTERN,O'Donnell Heights,-76.54254,39.27659,0.307,52
2016,6D,LARCENY FROM AUTO,Other,Northern,Oakenshawe,-76.60949,39.33041,0.181,77
2016,6,Larceny,Other,Northern,Old Goucher,-76.61816,39.31544,0.264,159
2016,4,COMMON ASSAULT,HANDS,EASTERN,Oldtown,-76.605,39.29904,0.192,223
2016,5A,BURGLARY,HANDS,EASTERN,Oliver,-76.59606,39.30989,0.229,419
2016,6,Larceny,Other,EASTERN,Orangeville,-76.56683,39.29942,0.238,63
2016,6,Larceny,Other,EASTERN,Orangeville Industrial Ar,-76.57113,39.31375,0.611,36
2016,5A,BURGLARY,HANDS,NORTHEASTERN,Orchard Ridge,-76.56233,39.30897,0.348,92
2016,6D,LARCENY FROM AUTO,KNIFE,NORTHEASTERN,Original Northwood,-76.59762,39.34337,0.256,39
2016,6D,LARCENY FROM AUTO,Other,SOUTHERN,Otterbein,-76.61469,39.28398,0.236,76
2016,7,AUTO THEFT,Other,WESTERN,Panway/Braddish Avenue,-76.66544,39.3124,0.32,75
2016,5A,BURGLARY,FIRE ARM,NORTHWESTREN,Park Circle,-76.66035,39.32906,0.174,224
2016,5A,BURGLARY,KNIFE,Northern,Parklane,-76.65953,39.34178,0.29,86
2016,7,AUTO THEFT,HANDS,NORTHEASTERN,Parkside,-76.56038,39.32371,0.165,133
2016,6,Larceny,Other,WESTERN,Parkview/Woodbrook,-76.64716,39.31544,0.22,154
2016,6D,LARCENY FROM AUTO,Other,SOUTHEASTERN,Patterson Park Neighborho,-76.57537,39.29223,0.207,607
2016,8,ROBBERY-STREET,KNIFE,SOUTHEASTERN,Patterson Place,-76.584,39.29262,0.213,131
2016,4,COMMON ASSAULT,FIRE ARM,Northern,Pen Lucy,-76.60744,39.33963,0.162,129
2016,6,Larceny,Other,WESTERN,Penn North,-76.63808,39.31095,0.208,346
2016,4,COMMON ASSAULT,FIRE ARM,EASTERN,Penn-Fallsway,-76.6077,39.29788,0.276,206
2016,6,Larceny,Other,WESTERN,Penrose/Fayette Street Ou,-76.65433,39.28828,0.18,344
2016,4,COMMON ASSAULT,Other,SOUTHEASTERN,Perkins Homes,-76.59819,39.28831,0.385,109
2016,6D,LARCENY FROM AUTO,Other,NORTHEASTERN,Perring Loch,-76.58286,39.35175,0.263,95
2016,6,Larceny,Other,NORTHWESTREN,Pimlico Good Neighbors,-76.67985,39.35378,0.432,104
2016,4,COMMON ASSAULT,FIRE ARM,WESTERN,Poppleton,-76.6326,39.28997,0.209,277
2016,6,Larceny,Other,SOUTHERN,Port Covington,-76.6088,39.25945,0.25,4
2016,6,Larceny,Other,SOUTHEASTERN,Pulaski Industrial Area,-76.5405,39.2854,0.412,393
2016,5A,BURGLARY,HANDS,NORTHEASTERN,Ramblewood,-76.59348,39.36619,0.208,67
2016,6,Larceny,Other,NORTHWESTREN,Reisterstown Station,-76.7,39.35256,0.33,332
2016,5A,BURGLARY,Other,Northern,Remington,-76.62302,39.32307,0.275,200
2016,6,Larceny,Other,CENTRAL,Reservoir Hill,-76.63365,39.31367,0.193,423
2016,6D,LARCENY FROM AUTO,Other,SOUTHERN,Ridgely's Delight,-76.62377,39.28247,0.341,79
2016,6D,LARCENY FROM AUTO,Other,SOUTHERN,Riverside,-76.60648,39.27036,0.271,295
2016,6,Larceny,Other,SOUTHWESTERN,Rognel Heights,-76.68881,39.29661,0.239,142
2016,5A,BURGLARY,Other,Northern,Roland Park,-76.63554,39.34451,0.272,125
2016,7,AUTO THEFT,FIRE ARM,SOUTHWESTERN,Rosemont,-76.66678,39.30471,0.193,176
2016,6D,LARCENY FROM AUTO,Other,NORTHEASTERN,Rosemont East,-76.53587,39.35433,0.232,112
2016,7,AUTO THEFT,Other,WESTERN,Rosemont Homeowners/Tenan,-76.65739,39.29544,0.2,130
2016,6,Larceny,Other,SOUTHWESTERN,Saint Agnes,-76.67573,39.27243,0.33,66
2016,4,COMMON ASSAULT,Gun,SOUTHEASTERN,Saint Helena,-76.53182,39.26147,0.307,39
2016,4,COMMON ASSAULT,Other,SOUTHWESTERN,Saint Josephs,-76.67313,39.28544,0.183,131
2016,6,Larceny,Other,SOUTHERN,Saint Paul,-76.64394,39.26667,0.3,20
2016,4,COMMON ASSAULT,FIRE ARM,WESTERN,Sandtown-Winchester,-76.64628,39.30551,0.182,739
2016,6,Larceny,Other,NORTHWESTREN,Seton Business Park,-76.70776,39.34329,0.47,51
2016,6D,LARCENY FROM AUTO,Other,CENTRAL,Seton Hill,-76.62217,39.29573,0.322,183
2016,6,Larceny,Other,SOUTHERN,Sharp-Leadenhall,-76.61974,39.27614,0.258,62
2016,4,COMMON ASSAULT,FIRE ARM,SOUTHWESTERN,Shipley Hill,-76.65607,39.28664,0.162,208
2016,6D,LARCENY FROM AUTO,Other,SOUTHERN,South Baltimore,-76.61321,39.2723,0.23,139
2016,4,COMMON ASSAULT,Gun,EASTERN,South Clifton Park,-76.59179,39.31263,0.214,98
2016,4,COMMON ASSAULT,FIRE ARM,SOUTHERN,Stadium Area,-76.6197,39.28523,0.454,33
2016,6,LARCENY ,Other,NORTHEASTERN,Stonewood-Pentwood-Winsto,-76.58846,39.34808,0.282,39
2016,5A,BURGLARY,KNIFE,SOUTHWESTERN,Ten Hills,-76.70255,39.29215,0.343,55
2016,4,COMMON ASSAULT,FIRE ARM,NORTHWESTREN,Towanda-Grantley,-76.66421,39.3338,0.255,129
2016,4,COMMON ASSAULT,Gun,SOUTHWESTERN,Tremont,-76.69312,39.28284,0.205,39
2016,6,Larceny,Other,Northern,Tuscany-Canterbury,-76.61807,39.33385,0.39,38
2016,5A,BURGLARY,KNIFE,SOUTHERN,Union Square,-76.63974,39.28596,0.248,149
2016,6,Larceny,Other,CENTRAL,University Of Maryland,-76.62384,39.29182,0.236,161
2016,4,COMMON ASSAULT,FIRE ARM,SOUTHWESTERN,Uplands,-76.69199,39.29015,0.205,68
2016,5A,BURGLARY,HANDS,SOUTHEASTERN,Upper Fells Point,-76.58448,39.28784,0.205,170
2016,6,Larceny,Other,CENTRAL,Upton,-76.6284,39.2988,0.211,637
2016,7,AUTO THEFT,Other,SOUTHWESTERN,Violetville,-76.67246,39.26155,0.17,211
2016,4,COMMON ASSAULT,Gun,SOUTHWESTERN,Wakefield,-76.70194,39.30966,0.289,76
2016,6,Larceny,Other,SOUTHWESTERN,Walbrook,-76.66952,39.30906,0.188,196
2016,5A,BURGLARY,KNIFE,NORTHEASTERN,Waltherson,-76.55565,39.34076,0.231,303
2016,6,LARCENY ,Other,SOUTHEASTERN,Washington Hill,-76.59487,39.29156,0.321,352
2016,5A,BURGLARY,HANDS,SOUTHERN,Washington Village/Pigtow,-76.63007,39.28188,0.195,562
2016,6,Larceny,Other,Northern,Waverly,-76.60364,39.33101,0.178,202
2016,6,Larceny,Other,NORTHWESTREN,West Arlington,-76.69322,39.33866,0.208,125
2016,5A,BURGLARY,HANDS,NORTHWESTREN,West Forest Park,-76.69285,39.32178,0.266,120
2016,7,AUTO THEFT,Other,SOUTHWESTERN,West Hills,-76.69727,39.30131,0.24,81
2016,6D,LARCENY FROM AUTO,Other,NORTHEASTERN,Westfield,-76.55474,39.3587,0.201,119
2016,6D,LARCENY FROM AUTO,Other,SOUTHWESTERN,Westgate,-76.70795,39.28572,0.203,103
2017,5A,BURGLARY,Other,Northern,Abell,-76.61216,39.32474,0.18,85
2017,4,COMMON ASSAULT,FIRE ARM,SOUTHWESTERN,Allendale,-76.68934,39.29314,0.24,180
2017,5A,BURGLARY,HANDS,NORTHEASTERN,Arcadia,-76.56532,39.3294,0.325,43
2017,4A,AGG ASSAULT,Gun,NORTHWESTREN,Arlington,-76.6826,39.34753,0.24,170
2017,5A,BURGLARY,Other,NORTHEASTERN,Armistead Gardens,-76.54705,39.30542,0.205,124
2017,5A,BURGLARY,Other,NORTHWESTREN,Ashburton,-76.67145,39.32965,0.28,82
2017,4,COMMON ASSAULT,FIRE ARM,SOUTHEASTERN,Baltimore Highlands,-76.56751,39.2925,0.1906,299
2017,6,Larceny,Other,Northern,Barclay,-76.61199,39.318,0.2,180
2017,6,Larceny,Other,SOUTHERN,Barre Circle,-76.62624,39.2834,0.297,17
2017,6,Larceny,Other,SOUTHEASTERN,Bayview,-76.54202,39.28999,0.232,86
2017,5A,BURGLARY,Other,SOUTHWESTERN,Beechfield,-76.70061,39.27768,0.243,123
2017,6,Larceny,Other,NORTHEASTERN,Belair-Edison,-76.56761,39.32149,0.206,802
2017,6D,LARCENY FROM AUTO,Other,NORTHEASTERN,Belair-Parkside,-76.57179,39.32831,0.234,21
2017,6D,LARCENY FROM AUTO,Other,Northern,Bellona-Gittings,-76.6205,39.36645,0.46,13
2017,5A,BURGLARY,HANDS,NORTHEASTERN,Belvedere,-76.60937,39.36413,0.2617,42
2017,4,COMMON ASSAULT,FIRE ARM,EASTERN,Berea,-76.57562,39.30613,0.267,187
2017,6,Larceny,Other,Northern,Better Waverly,-76.60813,39.32829,0.293,245
2017,6,Larceny,Other,NORTHEASTERN,Beverly Hills,-76.56816,39.33838,0.25,28
2017,4,COMMON ASSAULT,HANDS,EASTERN,Biddle Street,-76.5762,39.30497,0.225,62
2017,6,LARCENY ,Other,CENTRAL,Bolton Hill,-76.62783,39.30726,0.236,162
2017,4,COMMON ASSAULT,Gun,SOUTHWESTERN,Boyd-Booth,-76.65039,39.28702,0.253,63
2017,6,Larceny,Other,SOUTHEASTERN,Brewers Hill,-76.56328,39.28633,0.329,88
2017,4,COMMON ASSAULT,KNIFE,WESTERN,Bridgeview/Greenlawn,-76.65363,39.30226,0.198,116
2017,4,COMMON ASSAULT,HANDS,EASTERN,Broadway East,-76.58409,39.30526,0.198,317
2017,4,COMMON ASSAULT,Gun,SOUTHEASTERN,Broening Manor,-76.54163,39.27612,0.19,84
2017,5A,BURGLARY,HANDS,SOUTHERN,Brooklyn,-76.60231,39.2388,0.184,819
2017,4,COMMON ASSAULT,FIRE ARM,NORTHWESTREN,Burleith-Leighton,-76.6643,39.32192,0.209,43
2017,8,ROBBERY-STREET,KNIFE,SOUTHEASTERN,Butcher's Hill,-76.58654,39.2929,0.218,119
2017,4,COMMON ASSAULT,FIRE ARM,NORTHWESTREN,Callaway-Garrison,-76.68286,39.33317,0.244,86
2017,4,COMMON ASSAULT,HANDS,Northern,Cameron Village,-76.60212,39.3547,0.346,75
2017,6D,LARCENY FROM AUTO,Other,SOUTHEASTERN,Canton,-76.57503,39.28589,0.2547,404
2017,6,Larceny,Other,SOUTHEASTERN,Canton Industrial Area,-76.55588,39.27747,0.707,195
2017,5A,BURGLARY,HANDS,EASTERN,CARE,-76.58659,39.2972,0.22,213
2017,4,COMMON ASSAULT,Gun,SOUTHERN,Carroll - Camden Industri,-76.62763,39.27438,0.301,176
2017,6,Larceny,Other,SOUTHERN,Carroll Park,-76.64609,39.27227,0.285,28
2017,6,Larceny,Other,NORTHEASTERN,Cedmont,-76.53094,39.3545,0.234,111
2017,6,Larceny,Other,NORTHWESTREN,Central Forest Park,-76.69051,39.32841,0.229,61
2017,4,COMMON ASSAULT,FIRE ARM,NORTHWESTREN,Central Park Heights,-76.67401,39.34307,0.278,336
2017,6,Larceny,Other,Northern,Charles Village,-76.61615,39.32869,0.266,240
2017,5A,BURGLARY,FIRE ARM,SOUTHERN,Cherry Hill,-76.62268,39.24649,0.234,551
2017,4,COMMON ASSAULT,Gun,NORTHEASTERN,Clifton Park,-76.58713,39.31884,0.3,80
2017,4,COMMON ASSAULT,FIRE ARM,EASTERN,Darley Park,-76.59366,39.31552,0.183,71
2017,6,LARCENY  ,Other,CENTRAL,Downtown,-76.61696,39.29408,0.26,1002
2017,6,LARCENY  ,Other,CENTRAL,Downtown West,-76.62093,39.28628,0.527,102
2017,4,COMMON ASSAULT,FIRE ARM,CENTRAL,Druid Heights,-76.63589,39.31031,0.297,148
2017,5A,BURGLARY,HANDS,NORTHEASTERN,East Arlington,-76.67051,39.33194,0.246,65
2017,5A,BURGLARY,HANDS,WESTERN,Easterwood,-76.64875,39.30576,0.283,81
2017,4,COMMON ASSAULT,FIRE ARM,SOUTHWESTERN,Edgewood,-76.67735,39.2966,0.18,128
2017,6,Larceny,Other,WESTERN,Evergreen Lawn,-76.65495,39.29703,0.2,40
2017,4,COMMON ASSAULT,FIRE ARM,SOUTHERN,Fairfield Area,-76.59756,39.23487,0.187,48
2017,4,COMMON ASSAULT,FIRE ARM,NORTHWESTREN,Forest Park,-76.6719,39.32417,0.184,65
2017,4,COMMON ASSAULT,FIRE ARM,NORTHEASTERN,Four By Four,-76.57851,39.31649,0.2049,93
2017,4,COMMON ASSAULT,Gun,SOUTHWESTERN,Franklintown Road,-76.66501,39.29543,0.207,106
2017,6,Larceny,Other,NORTHWESTREN,Glen,-76.69699,39.35558,0.1837,213
2017,6,Larceny,Other,Northern,Glen Oaks,-76.59501,39.37009,0.207,130
2017,7,AUTO THEFT,HANDS,Northern,Greenspring,-76.65869,39.33299,0.181,110
2017,6A,LARCENY FROM AUTO,HANDS,Northern,Guilford,-76.61503,39.3366,0.3197,72
2017,5A,BURGLARY,KNIFE,NORTHEASTERN,Hamilton Hills,-76.56431,39.36952,0.206,393
2017,6,Larceny,Other,NORTHWESTREN,Howard Park,-76.69161,39.33204,0.2,230
2017,6,Larceny,Other,SOUTHEASTERN,Inner Harbor,-76.6134,39.28544,0.546,353
2017,6,Larceny,Other,SOUTHWESTERN,Irvington,-76.68255,39.28173,0.207,251
2017,4A,AGG ASSAULT,FIRE ARM,EASTERN,Johnston Square,-76.60591,39.30494,0.176,198
2017,6,Larceny,Other,SOUTHERN,Lakeland,-76.65077,39.25875,0.169,277
2017,5A,BURGLARY,HANDS,NORTHEASTERN,Lauraville,-76.57359,39.35168,0.232,125
2017,4,COMMON ASSAULT,FIRE ARM,NORTHEASTERN,Loch Raven,-76.5773,39.35692,0.228,149
2017,4,COMMON ASSAULT,Gun,CENTRAL,Madison Park,-76.63206,39.30727,0.187,176
2017,5A,BURGLARY,HANDS,EASTERN,Madison-Eastend,-76.57811,39.29918,0.213,150
2017,6D,LARCENY FROM AUTO,Other,NORTHEASTERN,Mayfield,-76.58079,39.3318,0.355,45
2017,5A,BURGLARY,other,SOUTHEASTERN,McElderry Park,-76.58073,39.29595,0.27,377
2017,6D,LARCENY FROM AUTO,Other,Northern,Medfield,-76.63961,39.34126,0.243,41
2017,6D,LARCENY FROM AUTO,Other,SOUTHEASTERN,Medford,-76.547,39.27837,0.25,52
2017,5A,BURGLARY,HANDS,Northern,Mid-Govans,-76.60211,39.35649,0.23,59
2017,6,LARCENY  ,Other,CENTRAL,Mid-Town Belvedere,-76.61878,39.30214,0.292,226
2017,4A,AGG ASSAULT,KNIFE,SOUTHERN,Middle Branch/Reedbird Pa,-76.61498,39.25137,0.273,62
2017,6D,LARCENY FROM AUTO,Other,EASTERN,Middle East,-76.58988,39.30252,0.267,128
2017,4,COMMON ASSAULT,FIRE ARM,WESTERN,Midtown-Edmondson,-76.64739,39.29581,0.227,123
2017,6,Larceny,Other,SOUTHEASTERN,Millhill,-76.65868,39.28007,0.309,239
2017,5A,BURGLARY,HANDS,EASTERN,Milton-Montford,-76.58384,39.30021,0.2357,136
2017,6,Larceny,Other,WESTERN,Mondawmin,-76.65821,39.318,0.328,289
2017,8,ROBBERY-STREET,KNIFE,NORTHEASTERN,Montebello,-76.58557,39.33297,0.285,14
2017,6D,LARCENY FROM AUTO,Other,NORTHEASTERN,Moravia-Walther,-76.5653,39.33952,0.325,32
2017,4A,AGG ASSAULT,FIRE ARM,NORTHEASTERN,Morgan State University,-76.58747,39.34001,0.343,64
2017,6,LARCENY ,Other,SOUTHEASTERN,Morrell Park,-76.65868,39.26444,0.237,308
2017,4,COMMON ASSAULT,FIRE ARM,WESTERN,Mosher,-76.66336,39.29871,0.267,101
2017,6,Larceny,Other,SOUTHWESTERN,Mount Holly,-76.67613,39.3115,0.252,95
2017,6,Larceny,Other,CENTRAL,Mount Vernon,-76.6157,39.29963,0.236,275
2017,5A,BURGLARY,Other,Northern,Mount Washington,-76.66598,39.35771,0.33,126
2017,7,AUTO THEFT,FIRE ARM,SOUTHERN,Mount Winans,-76.64346,39.26344,0.26,45
2017,4,COMMON ASSAULT,Gun,NORTHEASTERN,New Northwood,-76.59495,39.34767,0.232,129
2017,5A,BURGLARY,HANDS,SOUTHERN,New Southwest/Mount Clare,-76.64152,39.28517,0.201,169
2017,6,Larceny,Other,NORTHEASTERN,North Harford Road,-76.53802,39.35834,0.245,179
2017,6D,LARCENY FROM AUTO,Other,Northern,North Roland Park/Poplar,-76.63961,39.36873,0.437,16
2017,5,COMMON ASSAULT,FIRE ARM,SOUTHWESTERN,Northwest Community Actio,-76.66749,39.30757,0.2387,109
2017,4,COMMON ASSAULT,FIRE ARM,SOUTHEASTERN,O'Donnell Heights,-76.54254,39.27659,0.28,50
2017,6,Larceny,Other,Northern,Oakenshawe,-76.60949,39.33041,0.289,69
2017,6,Larceny,Other,Northern,Old Goucher,-76.61816,39.31544,0.345,113
2017,4,COMMON ASSAULT,HANDS,EASTERN,Oldtown,-76.605,39.29904,0.208,163
2017,6,Larceny,Other,EASTERN,Oliver,-76.59606,39.30989,0.189,317
2017,6,Larceny,Other,EASTERN,Orangeville,-76.56683,39.29942,0.214,70
2017,5A,BURGLARY,HANDS,EASTERN,Orangeville Industrial Ar,-76.57113,39.31375,0.208,48
2017,5A,BURGLARY,HANDS,NORTHEASTERN,Orchard Ridge,-76.56233,39.30897,0.293,58
2017,6,Larceny,KNIFE,NORTHEASTERN,Original Northwood,-76.59762,39.34337,0.44,36
2017,8,ROBBERY-STREET,Other,SOUTHERN,Otterbein,-76.61469,39.28398,0.23,52
2017,7,AUTO THEFT,Other,WESTERN,Panway/Braddish Avenue,-76.66544,39.3124,0.295,44
2017,4,COMMON ASSAULT,FIRE ARM,NORTHWESTREN,Park Circle,-76.66035,39.32906,0.244,104
2017,5A,BURGLARY,KNIFE,Northern,Parklane,-76.65953,39.34178,0.246,77
2017,7,AUTO THEFT,HANDS,NORTHEASTERN,Parkside,-76.56038,39.32371,0.235,85
2017,7,AUTO THEFT,KNIFE,WESTERN,Parkview/Woodbrook,-76.64716,39.31544,0.2,109
2017,5A,BURGLARY,Other,SOUTHEASTERN,Patterson Park Neighborho,-76.57537,39.29223,0.316,420
2017,5A,BURGLARY,KNIFE,SOUTHEASTERN,Patterson Place,-76.584,39.29262,0.37,100
2017,5A,BURGLARY,FIRE ARM,Northern,Pen Lucy,-76.60744,39.33963,0.24,137
2017,6,Larceny,Other,WESTERN,Penn North,-76.63808,39.31095,0.174,195
2017,4,COMMON ASSAULT,FIRE ARM,EASTERN,Penn-Fallsway,-76.6077,39.29788,0.247,168
2017,6,Larceny,Other,WESTERN,Penrose/Fayette Street Ou,-76.65433,39.28828,0.223,251
2017,4,COMMON ASSAULT,Other,SOUTHEASTERN,Perkins Homes,-76.59819,39.28831,0.357,70
2017,6D,LARCENY FROM AUTO,Other,NORTHEASTERN,Perring Loch,-76.58286,39.35175,0.25,60
2017,6,Larceny,Other,NORTHWESTREN,Pimlico Good Neighbors,-76.67985,39.35378,0.387,93
2017,4,COMMON ASSAULT,FIRE ARM,WESTERN,Poppleton,-76.6326,39.28997,0.235,187
2017,6,Larceny,Other,SOUTHERN,Port Covington,-76.6088,39.25945,0.66,3
2017,6,Larceny,Other,SOUTHEASTERN,Pulaski Industrial Area,-76.5405,39.2854,0.416,185
2017,4,COMMON ASSAULT,FIRE ARM,NORTHEASTERN,Ramblewood,-76.59348,39.36619,0.36,61
2017,6,Larceny,Other,NORTHWESTREN,Reisterstown Station,-76.7,39.35256,0.27,248
2017,6,Larceny,Other,Northern,Remington,-76.62302,39.32307,0.25,126
2017,6,Larceny,Other,CENTRAL,Reservoir Hill,-76.63365,39.31367,0.187,283
2017,6,Larceny,Other,SOUTHERN,Ridgely's Delight,-76.62377,39.28247,0.187,283
2017,6,LARCENY ,Other,SOUTHERN,Riverside,-76.60648,39.27036,0.2,144
2017,6,Larceny,Other,SOUTHWESTERN,Rognel Heights,-76.68881,39.29661,0.212,113
2017,6,LARCENY  ,Other,Northern,Roland Park,-76.63554,39.34451,0.303,79
2017,4,COMMON ASSAULT,FIRE ARM,SOUTHWESTERN,Rosemont,-76.66678,39.30471,0.2,180
2017,6,Larceny,Other,NORTHEASTERN,Rosemont East,-76.53587,39.35433,0.239,46
2017,4,COMMON ASSAULT,Gun,WESTERN,Rosemont Homeowners/Tenan,-76.65739,39.29544,0.3647,85
2017,4,COMMON ASSAULT,FIRE ARM,SOUTHWESTERN,Saint Agnes,-76.67573,39.27243,0.3227,31
2017,4,COMMON ASSAULT,Gun,SOUTHEASTERN,Saint Helena,-76.53182,39.26147,0.4247,33
2017,4,COMMON ASSAULT,FIRE ARM,SOUTHWESTERN,Saint Josephs,-76.67313,39.28544,0.258,85
2017,6,Larceny,Other,SOUTHERN,Saint Paul,-76.64394,39.26667,0.285,7
2017,4,COMMON ASSAULT,FIRE ARM,WESTERN,Sandtown-Winchester,-76.64628,39.30551,0.249,522
2017,6,Larceny,Other,NORTHWESTREN,Seton Business Park,-76.70776,39.34329,0.413,46
2017,6D,LARCENY FROM AUTO,Other,CENTRAL,Seton Hill,-76.62217,39.29573,0.328,73
2017,6D,LARCENY FROM AUTO,Other,SOUTHERN,Sharp-Leadenhall,-76.61974,39.27614,0.191,41
2017,4,COMMON ASSAULT,FIRE ARM,SOUTHWESTERN,Shipley Hill,-76.65607,39.28664,0.23,165
2017,6,Larceny,Other,SOUTHERN,South Baltimore,-76.61321,39.2723,0.217,92
2017,6,LARCENY ,Other,EASTERN,South Clifton Park,-76.59179,39.31263,0.305,72
2017,4,COMMON ASSAULT,FIRE ARM,SOUTHERN,Stadium Area,-76.6197,39.28523,0.565,23
2017,7,AUTO THEFT,FIRE ARM,NORTHEASTERN,Stonewood-Pentwood-Winsto,-76.58846,39.34808,0.307,26
2017,6D,LARCENY FROM AUTO,Other,SOUTHWESTERN,Ten Hills,-76.70255,39.29215,0.268,67
2017,4,COMMON ASSAULT,FIRE ARM,NORTHWESTREN,Towanda-Grantley,-76.66421,39.3338,0.23,77
2017,4A,AGG ASSAULT,FIRE ARM,SOUTHWESTERN,Tremont,-76.69312,39.28284,0.194,36
2017,4,COMMON ASSAULT,Other,Northern,Tuscany-Canterbury,-76.61807,39.33385,0.272,22
2017,4,COMMON ASSAULT,FIRE ARM,SOUTHERN,Union Square,-76.63974,39.28596,0.224,89
2017,4,COMMON ASSAULT,FIRE ARM,CENTRAL,University Of Maryland,-76.62384,39.29182,0.233,90
2017,6,Larceny,Other,SOUTHWESTERN,Uplands,-76.69199,39.29015,0.175,40
2017,5A,BURGLARY,HANDS,SOUTHEASTERN,Upper Fells Point,-76.58448,39.28784,0.187,149
2017,4,COMMON ASSAULT,FIRE ARM,CENTRAL,Upton,-76.6284,39.2988,0.282,403
2017,4,COMMON ASSAULT,Gun,SOUTHWESTERN,Violetville,-76.67246,39.26155,0.252,115
2017,4,COMMON ASSAULT,Gun,SOUTHWESTERN,Wakefield,-76.70194,39.30966,0.428,63
2017,4,COMMON ASSAULT,FIRE ARM,SOUTHWESTERN,Walbrook,-76.66952,39.30906,0.233,154
2017,5A,BURGLARY,KNIFE,NORTHEASTERN,Waltherson,-76.55565,39.34076,0.243,283
2017,6,LARCENY ,Other,SOUTHEASTERN,Washington Hill,-76.59487,39.29156,0.285,154
2017,6,Larceny,Other,SOUTHERN,Washington Village/Pigtow,-76.63007,39.28188,0.215,358
2017,5A,BURGLARY,HANDS,Northern,Waverly,-76.60364,39.33101,0.3,160
2017,5A,BURGLARY,Other,NORTHWESTREN,West Arlington,-76.69322,39.33866,0.356,87
2017,4,COMMON ASSAULT,FIRE ARM,NORTHWESTREN,West Forest Park,-76.69285,39.32178,0.217,78
2017,6,LARCENY FROM AUTO,Other,SOUTHWESTERN,West Hills,-76.69727,39.30131,0.196,51
2017,6,Larceny,Other,NORTHEASTERN,Westfield,-76.55474,39.3587,0.26,96
2017,4,COMMON ASSAULT,Gun,SOUTHWESTERN,Westgate,-76.70795,39.28572,0.226,76